 Jan-08, Feb-08, Mar-08, Apr-08, May-08, Jun-08, Jul-08, Aug-08, Sep-08, Oct-08, Nov-08, Dec-08, Jan-09, Feb-09, Mar-09, Apr-09, May-09, Jun-09, Jul-09, Aug-09, Sep-09, Oct-09, Nov-09, Dec-09, Jan-10, Feb-10, Mar-10, Apr-10, May-10, Jun-10, Jul-10, Aug-10, Sep-10, Oct-10, Nov-10, Dec-10, Jan-11, Feb-11, Mar-11, Apr-11, May-11, Jun-11, Jul-11, Aug-11, Sep-11, Oct-11, Nov-11, Dec-11, Jan-12, Feb-12, Mar-12, Apr-12, May-12, Jun-12, Jul-12, Aug-12, Sep-12, Oct-12, Nov-12, Dec-12, Jan-13, Feb-13, Mar-13, Apr-13, May-13, Jun-13, Jul-13, Aug-13, Sep-13, Oct-13, Nov-13, Dec-13, Jan-14, Feb-14, Mar-14, Apr-14, May-14, Jun-14, Jul-14, Aug-14, Sep-14, Oct-14, Nov-14, Dec-14, Jan-15, Feb-15, Mar-15, Apr-15, May-15, Jun-15, Jul-15, Aug-15, Sep-15, Oct-15, Nov-15, Dec-15, Jan-16, Feb-16, Mar-16, Apr-16, May-16, Jun-16, Jul-16, Aug-16, Sep-16, Oct-16, Nov-16, Dec-16, Jan-17, Feb-17, Mar-17, Apr-17, May-17, Jun-17, Jul-17, Aug-17, Sep-17, Oct-17, Nov-17, Dec-17, Jan-18, Feb-18, Mar-18, Apr-18, May-18, Jun-18, Jul-18, Aug-18, Sep-18, Oct-18, Nov-18, Dec-18, Jan-19, Feb-19, Mar-19, Apr-19, May-19, Jun-19, Jul-19, Aug-19, Sep-19, Oct-19, Nov-19, Dec-19, Jan-20, Feb-20, Mar-20, Apr-20, May-20, Jun-20, Jul-20, Aug-20, Sep-20, Oct-20, Nov-20, Dec-20, Jan-21, Feb-21, Mar-21, Apr-21, May-21, Jun-21, Jul-21, Aug-21, Sep-21, Oct-21, Nov-21, Dec-21, Jan-22, Feb-22, Mar-22, Apr-22, May-22, Jun-22, Jul-22, Aug-22, Sep-22, Oct-22, Nov-22, Dec-22, Jan-23, Feb-23, Mar-23, Apr-23, May-23, Jun-23, Jul-23, Aug-23, Sep-23, Oct-23, Nov-23, Dec-23, Jan-24, Feb-24, Mar-24, Apr-24, May-24, Jun-24, Jul-24, Aug-24, Sep-24, Oct-24, Nov-24, Dec-24, Jan-25, Feb-25, Mar-25, Apr-25, May-25, Jun-25
ABB,ABB,ABB,ABB,ABB,ABB,ABB,ABB,ABB,ABB,ABB,ABB,ABB,ABB,ABB,ABB,ABB,ABB,ABB,ABB,ABB,ABB,ABB,ABB,ABB,ABB,ABB,ABB,ABB,ABB,ABB,ABB,ABB,ACC,ACC,ACC,ACC,ACC,ACC,ACC,ACC,ACC,ACC,ACC,ACC,ACC,ACC,ACC,ACC,ACC,ACC,ACC,ACC,ACC,ACC,ACC,ACC,ACC,ACC,ACC,ACC,ACC,ACC,ACC,ACC,ACC,ACC,ACC,ACC,ACC,ACC,ACC,ACC,ACC,ACC,ACC,ACC,ACC,ACC,ACC,ACC,ACC,ACC,ACC,ACC,ACC,ACC,ASIANPAINT,ACC,ACC,ACC,ACC,ACC,ACC,ACC,ACC,ACC,ACC,ACC,ACC,ACC,ACC,ACC,ACC,ACC,ACC,ACC,ACC,ADANIPORTS,ACC,ACC,ACC,ACC,ACC,ACC,ACC,ADANIPORTS,ADANIPORTS,ADANIPORTS,ADANIPORTS,ADANIPORTS,ADANIPORTS,ADANIPORTS,ADANIPORTS,ADANIPORTS,ADANIPORTS,ADANIPORTS,ADANIPORTS,ADANIPORTS,ADANIPORTS,ADANIPORTS,ADANIPORTS,ADANIPORTS,ADANIPORTS,ADANIPORTS,ADANIPORTS,ADANIPORTS,ADANIPORTS,ADANIPORTS,ADANIPORTS,ADANIPORTS,ADANIPORTS,ADANIPORTS,ADANIPORTS,ADANIPORTS,ADANIPORTS,ADANIPORTS,ADANIPORTS,ADANIPORTS,ADANIPORTS,ADANIPORTS,ADANIPORTS,ADANIPORTS,ADANIPORTS,ADANIPORTS,ADANIPORTS,ADANIPORTS,ADANIPORTS,ADANIPORTS,ADANIPORTS,ADANIPORTS,ADANIPORTS,ADANIPORTS,ADANIPORTS,ADANIPORTS,ADANIPORTS,ADANIPORTS,ADANIPORTS,ADANIPORTS,ADANIPORTS,ADANIPORTS,ADANIPORTS,ADANIPORTS,ADANIPORTS,ADANIPORTS,ADANIPORTS,ADANIENT,ADANIENT,ADANIENT,ADANIENT,ADANIENT,ADANIENT,ADANIENT,ADANIENT,ADANIENT,ADANIENT,ADANIENT,ADANIENT,ADANIENT,ADANIENT,ADANIENT,ADANIENT,ADANIENT,ADANIENT,ADANIENT,ADANIENT,ADANIENT,ADANIENT,ADANIENT,ADANIENT,ADANIENT,ADANIENT,ADANIENT,ADANIENT,ADANIENT,ADANIENT,ADANIENT,ADANIENT,ADANIENT,ADANIENT
ACC,ACC,ACC,ACC,ACC,ACC,ACC,ACC,ACC,ACC,ACC,ACC,ACC,ACC,ACC,ACC,ACC,ACC,ACC,ACC,ACC,ACC,ACC,ACC,ACC,ACC,ACC,ACC,ACC,ACC,ACC,ACC,ACC,AMBUJACEM,AMBUJACEM,AMBUJACEM,AMBUJACEM,AMBUJACEM,AMBUJACEM,AMBUJACEM,AMBUJACEM,AMBUJACEM,AMBUJACEM,AMBUJACEM,AMBUJACEM,AMBUJACEM,AMBUJACEM,AMBUJACEM,AMBUJACEM,AMBUJACEM,AMBUJACEM,AMBUJACEM,AMBUJACEM,AMBUJACEM,AMBUJACEM,AMBUJACEM,AMBUJACEM,AMBUJACEM,AMBUJACEM,AMBUJACEM,AMBUJACEM,AMBUJACEM,AMBUJACEM,AMBUJACEM,AMBUJACEM,AMBUJACEM,AMBUJACEM,AMBUJACEM,AMBUJACEM,AMBUJACEM,AMBUJACEM,AMBUJACEM,AMBUJACEM,AMBUJACEM,AMBUJACEM,AMBUJACEM,AMBUJACEM,AMBUJACEM,AMBUJACEM,AMBUJACEM,AMBUJACEM,AMBUJACEM,AMBUJACEM,AMBUJACEM,AMBUJACEM,AMBUJACEM,AMBUJACEM,ACC,AMBUJACEM,AMBUJACEM,AMBUJACEM,AMBUJACEM,ADANIPORTS,ADANIPORTS,ADANIPORTS,ADANIPORTS,ADANIPORTS,ADANIPORTS,ADANIPORTS,ADANIPORTS,ADANIPORTS,ADANIPORTS,ADANIPORTS,ADANIPORTS,ADANIPORTS,ADANIPORTS,ADANIPORTS,ADANIPORTS,AMBUJACEM,ADANIPORTS,ADANIPORTS,ADANIPORTS,ADANIPORTS,ADANIPORTS,ADANIPORTS,ADANIPORTS,AMBUJACEM,AMBUJACEM,AMBUJACEM,AMBUJACEM,AMBUJACEM,AMBUJACEM,AMBUJACEM,ASIANPAINT,ASIANPAINT,ASIANPAINT,ASIANPAINT,ASIANPAINT,ASIANPAINT,ASIANPAINT,ASIANPAINT,ASIANPAINT,ASIANPAINT,ASIANPAINT,ASIANPAINT,ASIANPAINT,ASIANPAINT,ASIANPAINT,ASIANPAINT,ASIANPAINT,ASIANPAINT,ASIANPAINT,ASIANPAINT,ASIANPAINT,ASIANPAINT,ASIANPAINT,ASIANPAINT,ASIANPAINT,ASIANPAINT,ASIANPAINT,ASIANPAINT,ASIANPAINT,ASIANPAINT,ASIANPAINT,ASIANPAINT,ASIANPAINT,ASIANPAINT,ASIANPAINT,ASIANPAINT,ASIANPAINT,ASIANPAINT,ASIANPAINT,ASIANPAINT,ASIANPAINT,ASIANPAINT,ASIANPAINT,ASIANPAINT,ASIANPAINT,ASIANPAINT,ASIANPAINT,APOLLOHOSP,APOLLOHOSP,APOLLOHOSP,APOLLOHOSP,APOLLOHOSP,APOLLOHOSP,ADANIPORTS,ADANIPORTS,ADANIPORTS,ADANIPORTS,ADANIPORTS,ADANIPORTS,ADANIPORTS,ADANIPORTS,ADANIPORTS,ADANIPORTS,ADANIPORTS,ADANIPORTS,ADANIPORTS,ADANIPORTS,ADANIPORTS,ADANIPORTS,ADANIPORTS,ADANIPORTS,ADANIPORTS,ADANIPORTS,ADANIPORTS,ADANIPORTS,ADANIPORTS,ADANIPORTS,ADANIPORTS,ADANIPORTS,ADANIPORTS,ADANIPORTS,ADANIPORTS,ADANIPORTS,ADANIPORTS,ADANIPORTS,ADANIPORTS,ADANIPORTS
BAJAJAUTO,BAJAJAUTO,AMBUJACEM,AMBUJACEM,AMBUJACEM,AMBUJACEM,AMBUJACEM,AMBUJACEM,AMBUJACEM,AMBUJACEM,AMBUJACEM,AMBUJACEM,AMBUJACEM,AMBUJACEM,AMBUJACEM,AMBUJACEM,AMBUJACEM,AMBUJACEM,AMBUJACEM,AMBUJACEM,AMBUJACEM,AMBUJACEM,AMBUJACEM,AMBUJACEM,AMBUJACEM,AMBUJACEM,AMBUJACEM,AMBUJACEM,AMBUJACEM,AMBUJACEM,AMBUJACEM,AMBUJACEM,AMBUJACEM,AXISBANK,AXISBANK,AXISBANK,AXISBANK,AXISBANK,AXISBANK,AXISBANK,AXISBANK,AXISBANK,AXISBANK,AXISBANK,AXISBANK,AXISBANK,AXISBANK,AXISBANK,AXISBANK,AXISBANK,AXISBANK,ASIANPAINT,ASIANPAINT,ASIANPAINT,ASIANPAINT,ASIANPAINT,ASIANPAINT,ASIANPAINT,ASIANPAINT,ASIANPAINT,ASIANPAINT,ASIANPAINT,ASIANPAINT,ASIANPAINT,ASIANPAINT,ASIANPAINT,ASIANPAINT,ASIANPAINT,ASIANPAINT,ASIANPAINT,ASIANPAINT,ASIANPAINT,ASIANPAINT,ASIANPAINT,ASIANPAINT,ASIANPAINT,ASIANPAINT,ASIANPAINT,ASIANPAINT,ASIANPAINT,ASIANPAINT,ASIANPAINT,ASIANPAINT,ASIANPAINT,ASIANPAINT,ASIANPAINT,ASIANPAINT,BAJAJ-AUTO,ASIANPAINT,ASIANPAINT,ASIANPAINT,ASIANPAINT,AMBUJACEM,AMBUJACEM,AMBUJACEM,AMBUJACEM,AMBUJACEM,AMBUJACEM,AMBUJACEM,AMBUJACEM,AMBUJACEM,AMBUJACEM,AMBUJACEM,AMBUJACEM,AMBUJACEM,AMBUJACEM,AMBUJACEM,AMBUJACEM,ASIANPAINT,AMBUJACEM,AMBUJACEM,AMBUJACEM,AMBUJACEM,AMBUJACEM,AMBUJACEM,AMBUJACEM,ASIANPAINT,ASIANPAINT,ASIANPAINT,ASIANPAINT,ASIANPAINT,ASIANPAINT,ASIANPAINT,AXISBANK,AXISBANK,AXISBANK,AXISBANK,AXISBANK,AXISBANK,AXISBANK,AXISBANK,AXISBANK,AXISBANK,AXISBANK,AXISBANK,AXISBANK,AXISBANK,AXISBANK,AXISBANK,AXISBANK,AXISBANK,AXISBANK,AXISBANK,AXISBANK,AXISBANK,AXISBANK,AXISBANK,AXISBANK,AXISBANK,AXISBANK,AXISBANK,AXISBANK,AXISBANK,AXISBANK,AXISBANK,AXISBANK,AXISBANK,AXISBANK,AXISBANK,AXISBANK,AXISBANK,AXISBANK,AXISBANK,AXISBANK,AXISBANK,AXISBANK,AXISBANK,AXISBANK,AXISBANK,AXISBANK,ASIANPAINT,ASIANPAINT,ASIANPAINT,ASIANPAINT,ASIANPAINT,ASIANPAINT,APOLLOHOSP,APOLLOHOSP,APOLLOHOSP,APOLLOHOSP,APOLLOHOSP,APOLLOHOSP,APOLLOHOSP,APOLLOHOSP,APOLLOHOSP,APOLLOHOSP,APOLLOHOSP,APOLLOHOSP,APOLLOHOSP,APOLLOHOSP,APOLLOHOSP,APOLLOHOSP,APOLLOHOSP,APOLLOHOSP,APOLLOHOSP,APOLLOHOSP,APOLLOHOSP,APOLLOHOSP,APOLLOHOSP,APOLLOHOSP,APOLLOHOSP,APOLLOHOSP,APOLLOHOSP,APOLLOHOSP,APOLLOHOSP,APOLLOHOSP,APOLLOHOSP,APOLLOHOSP,APOLLOHOSP,APOLLOHOSP
BHARTIARTL,BHARTIARTL,BHARTIARTL,BHARTIARTL,BHARTIARTL,BHARTIARTL,BHARTIARTL,BHARTIARTL,BHARTIARTL,BHARTIARTL,BHARTIARTL,BHARTIARTL,BHARTIARTL,BHARTIARTL,AXISBANK,AXISBANK,AXISBANK,AXISBANK,AXISBANK,AXISBANK,AXISBANK,AXISBANK,AXISBANK,AXISBANK,AXISBANK,AXISBANK,AXISBANK,AXISBANK,AXISBANK,AXISBANK,AXISBANK,AXISBANK,AXISBANK,BAJAJ-AUTO,BAJAJ-AUTO,BAJAJ-AUTO,BAJAJ-AUTO,BAJAJ-AUTO,BAJAJ-AUTO,BAJAJ-AUTO,BAJAJ-AUTO,BAJAJ-AUTO,BAJAJ-AUTO,BAJAJ-AUTO,BAJAJ-AUTO,BAJAJ-AUTO,BAJAJ-AUTO,BAJAJ-AUTO,BAJAJ-AUTO,BAJAJ-AUTO,BAJAJ-AUTO,AXISBANK,AXISBANK,AXISBANK,AXISBANK,AXISBANK,AXISBANK,AXISBANK,AXISBANK,AXISBANK,AXISBANK,AXISBANK,AXISBANK,AXISBANK,AXISBANK,AXISBANK,AXISBANK,AXISBANK,AXISBANK,AXISBANK,AXISBANK,AXISBANK,AXISBANK,AXISBANK,AXISBANK,AXISBANK,AXISBANK,AXISBANK,AXISBANK,AXISBANK,AXISBANK,AXISBANK,AXISBANK,AXISBANK,AXISBANK,AXISBANK,AXISBANK,BHEL,AXISBANK,AXISBANK,AXISBANK,AXISBANK,ASIANPAINT,ASIANPAINT,ASIANPAINT,ASIANPAINT,ASIANPAINT,ASIANPAINT,ASIANPAINT,ASIANPAINT,ASIANPAINT,ASIANPAINT,ASIANPAINT,ASIANPAINT,ASIANPAINT,ASIANPAINT,ASIANPAINT,ASIANPAINT,AUROPHARMA,ASIANPAINT,ASIANPAINT,ASIANPAINT,ASIANPAINT,ASIANPAINT,ASIANPAINT,ASIANPAINT,AUROPHARMA,AUROPHARMA,AUROPHARMA,AUROPHARMA,AUROPHARMA,AUROPHARMA,AUROPHARMA,BAJAJ-AUTO,BAJAJ-AUTO,BAJAJ-AUTO,BAJAJ-AUTO,BAJAJ-AUTO,BAJAJ-AUTO,BAJAJ-AUTO,BAJAJ-AUTO,BAJAJ-AUTO,BAJAJ-AUTO,BAJAJ-AUTO,BAJAJ-AUTO,BAJAJ-AUTO,BAJAJ-AUTO,BAJAJ-AUTO,BAJAJ-AUTO,BAJAJ-AUTO,BAJAJ-AUTO,BAJAJ-AUTO,BAJAJ-AUTO,BAJAJ-AUTO,BAJAJ-AUTO,BAJAJ-AUTO,BAJAJ-AUTO,BAJAJ-AUTO,BAJAJ-AUTO,BAJAJ-AUTO,BAJAJ-AUTO,BAJAJ-AUTO,BAJAJ-AUTO,BAJAJ-AUTO,BAJAJ-AUTO,BAJAJ-AUTO,BAJAJ-AUTO,BAJAJ-AUTO,BAJAJ-AUTO,BAJAJ-AUTO,BAJAJ-AUTO,BAJAJ-AUTO,BAJAJ-AUTO,BAJAJ-AUTO,BAJAJ-AUTO,BAJAJ-AUTO,BAJAJ-AUTO,BAJAJ-AUTO,BAJAJ-AUTO,BAJAJ-AUTO,AXISBANK,AXISBANK,AXISBANK,AXISBANK,AXISBANK,AXISBANK,ASIANPAINT,ASIANPAINT,ASIANPAINT,ASIANPAINT,ASIANPAINT,ASIANPAINT,ASIANPAINT,ASIANPAINT,ASIANPAINT,ASIANPAINT,ASIANPAINT,ASIANPAINT,ASIANPAINT,ASIANPAINT,ASIANPAINT,ASIANPAINT,ASIANPAINT,ASIANPAINT,ASIANPAINT,ASIANPAINT,ASIANPAINT,ASIANPAINT,ASIANPAINT,ASIANPAINT,ASIANPAINT,ASIANPAINT,ASIANPAINT,ASIANPAINT,ASIANPAINT,ASIANPAINT,ASIANPAINT,ASIANPAINT,ASIANPAINT,ASIANPAINT
BHEL,BHEL,BHEL,BHEL,BHEL,BHEL,BHEL,BHEL,BHEL,BHEL,BHEL,BHEL,BHEL,BHEL,BHARTIARTL,BHARTIARTL,BHARTIARTL,BHARTIARTL,BHARTIARTL,BHARTIARTL,BHARTIARTL,BHARTIARTL,BHARTIARTL,BHARTIARTL,BHARTIARTL,BHARTIARTL,BHARTIARTL,BHEL,BHEL,BHEL,BHEL,BHEL,BHEL,BHEL,BHEL,BHEL,BHEL,BHEL,BHEL,BHEL,BHARTIARTL,BHARTIARTL,BHARTIARTL,BHARTIARTL,BHARTIARTL,BHEL,BHARTIARTL,BHARTIARTL,BHARTIARTL,BHARTIARTL,BHEL,BAJAJ-AUTO,BAJAJ-AUTO,BAJAJ-AUTO,BAJAJ-AUTO,BAJAJ-AUTO,BAJAJ-AUTO,BAJAJ-AUTO,BAJAJ-AUTO,BAJAJ-AUTO,BAJAJ-AUTO,BAJAJ-AUTO,BAJAJ-AUTO,BAJAJ-AUTO,BAJAJ-AUTO,BAJAJ-AUTO,BAJAJ-AUTO,BAJAJ-AUTO,BAJAJ-AUTO,BAJAJ-AUTO,BAJAJ-AUTO,BAJAJ-AUTO,BAJAJ-AUTO,BAJAJ-AUTO,BAJAJ-AUTO,BAJAJ-AUTO,BAJAJ-AUTO,BAJAJ-AUTO,BAJAJ-AUTO,BAJAJ-AUTO,BAJAJ-AUTO,BAJAJ-AUTO,BAJAJ-AUTO,BAJAJ-AUTO,BAJAJ-AUTO,BAJAJ-AUTO,BAJAJ-AUTO,BPCL,BAJAJ-AUTO,BAJAJ-AUTO,BAJAJ-AUTO,BAJAJ-AUTO,AXISBANK,AXISBANK,AXISBANK,AXISBANK,AXISBANK,AXISBANK,AXISBANK,AUROPHARMA,AUROPHARMA,AUROPHARMA,AUROPHARMA,AUROPHARMA,AUROPHARMA,AUROPHARMA,AUROPHARMA,AUROPHARMA,AXISBANK,AUROPHARMA,AUROPHARMA,AUROPHARMA,AUROPHARMA,AUROPHARMA,AUROPHARMA,AUROPHARMA,AXISBANK,AXISBANK,AXISBANK,AXISBANK,AXISBANK,AXISBANK,AXISBANK,BAJFINANCE,BAJFINANCE,BAJFINANCE,BAJAJFINSV,BAJFINANCE,BAJFINANCE,BAJFINANCE,BAJFINANCE,BAJFINANCE,BAJFINANCE,BAJFINANCE,BAJFINANCE,BAJFINANCE,BAJFINANCE,BAJFINANCE,BAJFINANCE,BAJFINANCE,BAJFINANCE,BAJFINANCE,BAJFINANCE,BAJFINANCE,BAJFINANCE,BAJFINANCE,BAJFINANCE,BAJFINANCE,BAJFINANCE,BAJFINANCE,BAJFINANCE,BAJFINANCE,BAJFINANCE,BAJFINANCE,BAJFINANCE,BAJFINANCE,BAJFINANCE,BAJFINANCE,BAJFINANCE,BAJFINANCE,BAJFINANCE,BAJFINANCE,BAJFINANCE,BAJFINANCE,BAJFINANCE,BAJFINANCE,BAJFINANCE,BAJFINANCE,BAJFINANCE,BAJFINANCE,BAJAJ-AUTO,BAJAJ-AUTO,BAJAJ-AUTO,BAJAJ-AUTO,BAJAJ-AUTO,BAJAJ-AUTO,AXISBANK,AXISBANK,AXISBANK,AXISBANK,AXISBANK,AXISBANK,AXISBANK,AXISBANK,AXISBANK,AXISBANK,AXISBANK,AXISBANK,AXISBANK,AXISBANK,AXISBANK,AXISBANK,AXISBANK,AXISBANK,AXISBANK,AXISBANK,AXISBANK,AXISBANK,AXISBANK,AXISBANK,AXISBANK,AXISBANK,AXISBANK,AXISBANK,AXISBANK,AXISBANK,AXISBANK,AXISBANK,AXISBANK,AXISBANK
BPCL,BPCL,BPCL,BPCL,BPCL,BPCL,BPCL,BPCL,BPCL,BPCL,BPCL,BPCL,BPCL,BPCL,BHEL,BHEL,BHEL,BHEL,BHEL,BHEL,BHEL,BHEL,BHEL,BHEL,BHEL,BHEL,BHEL,BPCL,BPCL,BPCL,BPCL,BPCL,BPCL,BPCL,BPCL,BPCL,BPCL,BPCL,BPCL,BPCL,BHEL,BHEL,BHEL,BHEL,BHEL,BPCL,BHEL,BHEL,BHEL,BHEL,BPCL,BANKBARODA,BANKBARODA,BANKBARODA,BANKBARODA,BANKBARODA,BANKBARODA,BANKBARODA,BANKBARODA,BANKBARODA,BANKBARODA,BANKBARODA,BANKBARODA,BANKBARODA,BANKBARODA,BANKBARODA,BANKBARODA,BANKBARODA,BANKBARODA,BANKBARODA,BANKBARODA,BANKBARODA,BANKBARODA,BANKBARODA,BANKBARODA,BANKBARODA,BANKBARODA,BANKBARODA,BANKBARODA,BANKBARODA,BANKBARODA,BANKBARODA,BANKBARODA,BANKBARODA,BANKBARODA,BANKBARODA,BANKBARODA,CIPLA,BANKBARODA,BANKBARODA,BANKBARODA,BANKBARODA,BAJAJ-AUTO,BAJAJ-AUTO,BAJAJ-AUTO,BAJAJ-AUTO,BAJAJ-AUTO,BAJAJ-AUTO,BAJAJ-AUTO,AXISBANK,AXISBANK,AXISBANK,AXISBANK,AXISBANK,AXISBANK,AXISBANK,AXISBANK,AXISBANK,BAJAJ-AUTO,AXISBANK,AXISBANK,AXISBANK,AXISBANK,AXISBANK,AXISBANK,AXISBANK,BAJAJ-AUTO,BAJAJ-AUTO,BAJAJ-AUTO,BAJAJ-AUTO,BAJAJ-AUTO,BAJAJ-AUTO,BAJAJ-AUTO,BAJAJFINSV,BAJAJFINSV,BAJAJFINSV,BAJFINANCE,BAJAJFINSV,BAJAJFINSV,BAJAJFINSV,BAJAJFINSV,BAJAJFINSV,BAJAJFINSV,BAJAJFINSV,BAJAJFINSV,BAJAJFINSV,BAJAJFINSV,BAJAJFINSV,BAJAJFINSV,BAJAJFINSV,BAJAJFINSV,BAJAJFINSV,BAJAJFINSV,BAJAJFINSV,BAJAJFINSV,BAJAJFINSV,BAJAJFINSV,BAJAJFINSV,BAJAJFINSV,BAJAJFINSV,BAJAJFINSV,BAJAJFINSV,BAJAJFINSV,BAJAJFINSV,BAJAJFINSV,BAJAJFINSV,BAJAJFINSV,BAJAJFINSV,BAJAJFINSV,BAJAJFINSV,BAJAJFINSV,BAJAJFINSV,BAJAJFINSV,BAJAJFINSV,BAJAJFINSV,BAJAJFINSV,BAJAJFINSV,BAJAJFINSV,BAJAJFINSV,BAJAJFINSV,BAJFINANCE,BAJFINANCE,BAJFINANCE,BAJFINANCE,BAJFINANCE,BAJFINANCE,BAJAJ-AUTO,BAJAJ-AUTO,BAJAJ-AUTO,BAJAJ-AUTO,BAJAJ-AUTO,BAJAJ-AUTO,BAJAJ-AUTO,BAJAJ-AUTO,BAJAJ-AUTO,BAJAJ-AUTO,BAJAJ-AUTO,BAJAJ-AUTO,BAJAJ-AUTO,BAJAJ-AUTO,BAJAJ-AUTO,BAJAJ-AUTO,BAJAJ-AUTO,BAJAJ-AUTO,BAJAJ-AUTO,BAJAJ-AUTO,BAJAJ-AUTO,BAJAJ-AUTO,BAJAJ-AUTO,BAJAJ-AUTO,BAJAJ-AUTO,BAJAJ-AUTO,BAJAJ-AUTO,BAJAJ-AUTO,BAJAJ-AUTO,BAJAJ-AUTO,BAJAJ-AUTO,BAJAJ-AUTO,BAJAJ-AUTO,BAJAJ-AUTO
CIPLA,CIPLA,CAIRN,CAIRN,CAIRN,CAIRN,CAIRN,CAIRN,CAIRN,CAIRN,CAIRN,CAIRN,CAIRN,CAIRN,BPCL,BPCL,BPCL,BPCL,BPCL,BPCL,BPCL,BPCL,BPCL,BPCL,BPCL,BPCL,BPCL,BHARTIARTL,BHARTIARTL,BHARTIARTL,BHARTIARTL,BHARTIARTL,BHARTIARTL,BHARTIARTL,BHARTIARTL,BHARTIARTL,BHARTIARTL,BHARTIARTL,BHARTIARTL,BHARTIARTL,BPCL,BPCL,BPCL,BPCL,BPCL,BHARTIARTL,BPCL,BPCL,BPCL,BPCL,BHARTIARTL,BHARTIARTL,BHARTIARTL,BHARTIARTL,BHARTIARTL,BHARTIARTL,BHARTIARTL,BHARTIARTL,BHEL,BHARTIARTL,BHARTIARTL,BHARTIARTL,BHEL,BHARTIARTL,BHEL,BHARTIARTL,BHARTIARTL,BHARTIARTL,BHARTIARTL,BHARTIARTL,BHARTIARTL,BHARTIARTL,BHARTIARTL,BHARTIARTL,BHARTIARTL,BHARTIARTL,BHARTIARTL,BHARTIARTL,BHARTIARTL,BHARTIARTL,BHARTIARTL,BHARTIARTL,BHARTIARTL,BHARTIARTL,BHARTIARTL,BHARTIARTL,BHARTIARTL,DRREDDY,BHARTIARTL,BHARTIARTL,BHARTIARTL,BHARTIARTL,BANKBARODA,BANKBARODA,BANKBARODA,BANKBARODA,BANKBARODA,BANKBARODA,BANKBARODA,BAJAJ-AUTO,BAJAJ-AUTO,BAJAJ-AUTO,BAJAJ-AUTO,BAJAJ-AUTO,BAJAJ-AUTO,BAJAJ-AUTO,BAJAJ-AUTO,BAJAJ-AUTO,BAJFINANCE,BAJAJ-AUTO,BAJAJ-AUTO,BAJAJ-AUTO,BAJAJ-AUTO,BAJAJ-AUTO,BAJAJ-AUTO,BAJAJ-AUTO,BAJFINANCE,BAJFINANCE,BAJFINANCE,BAJFINANCE,BAJFINANCE,BAJFINANCE,BAJFINANCE,BPCL,BPCL,BPCL,BHARTIARTL,BPCL,BPCL,BPCL,BPCL,BPCL,BPCL,BPCL,BPCL,BPCL,BPCL,BPCL,BPCL,BPCL,BPCL,BPCL,BPCL,BPCL,BPCL,BPCL,BPCL,BPCL,BPCL,BPCL,BPCL,BPCL,BPCL,BPCL,BPCL,BPCL,BPCL,BPCL,BPCL,BPCL,BPCL,BPCL,BPCL,BPCL,BPCL,BPCL,BPCL,BPCL,BPCL,BPCL,BAJAJFINSV,BAJAJFINSV,BAJAJFINSV,BAJAJFINSV,BAJAJFINSV,BAJAJFINSV,BAJFINANCE,BAJFINANCE,BAJFINANCE,BAJFINANCE,BAJFINANCE,BAJFINANCE,BAJFINANCE,BAJFINANCE,BAJFINANCE,BAJFINANCE,BAJFINANCE,BAJFINANCE,BAJFINANCE,BAJFINANCE,BAJFINANCE,BAJFINANCE,BAJFINANCE,BAJFINANCE,BAJFINANCE,BAJFINANCE,BAJFINANCE,BAJFINANCE,BAJFINANCE,BAJFINANCE,BAJFINANCE,BAJFINANCE,BAJFINANCE,BAJFINANCE,BAJFINANCE,BAJFINANCE,BAJFINANCE,BAJFINANCE,BAJFINANCE,BAJFINANCE
NTPC,NTPC,CIPLA,CIPLA,CIPLA,CIPLA,CIPLA,CIPLA,CIPLA,CIPLA,CIPLA,CIPLA,CIPLA,CIPLA,CAIRN,CAIRN,CAIRN,CAIRN,CAIRN,CAIRN,CAIRN,CAIRN,CAIRN,CAIRN,CAIRN,CAIRN,CAIRN,CAIRN,CAIRN,CAIRN,CAIRN,CAIRN,CAIRN,CAIRN,CAIRN,CAIRN,CAIRN,CAIRN,CAIRN,CAIRN,CAIRN,CAIRN,CAIRN,CAIRN,CAIRN,CAIRN,CAIRN,CAIRN,CAIRN,CAIRN,CAIRN,BHEL,BHEL,BHEL,BHEL,BHEL,BHEL,BHEL,BPCL,BHEL,BHEL,BHEL,BPCL,BHEL,BPCL,BHEL,BHEL,BHEL,BHEL,BHEL,BHEL,BHEL,BHEL,BHEL,BHEL,BHEL,BHEL,BHEL,BHEL,BHEL,BHEL,BHEL,BHEL,BHEL,BHEL,BHEL,BHEL,GRASIM,BHEL,BHEL,BHEL,BHEL,BHARTIARTL,BHEL,BHEL,BHEL,BHEL,BHEL,BHEL,BANKBARODA,BANKBARODA,BANKBARODA,BANKBARODA,BANKBARODA,BANKBARODA,BANKBARODA,BANKBARODA,BANKBARODA,BPCL,BANKBARODA,BANKBARODA,BANKBARODA,BANKBARODA,BANKBARODA,BANKBARODA,BANKBARODA,BPCL,BPCL,BPCL,BPCL,BPCL,BPCL,BPCL,BHARTIARTL,BHARTIARTL,BHARTIARTL,BPCL,BHARTIARTL,BHARTIARTL,BHARTIARTL,BHARTIARTL,BHARTIARTL,BHARTIARTL,BHARTIARTL,BHARTIARTL,BHARTIARTL,BHARTIARTL,BHARTIARTL,BHARTIARTL,BHARTIARTL,BHARTIARTL,BHARTIARTL,BHARTIARTL,BHARTIARTL,BHARTIARTL,BHARTIARTL,BHARTIARTL,BHARTIARTL,BHARTIARTL,BHARTIARTL,BHARTIARTL,BHARTIARTL,BHARTIARTL,BHARTIARTL,BHARTIARTL,BHARTIARTL,BHARTIARTL,BHARTIARTL,BHARTIARTL,BHARTIARTL,BHARTIARTL,BHARTIARTL,BHARTIARTL,BHARTIARTL,BHARTIARTL,BHARTIARTL,BHARTIARTL,BHARTIARTL,BHARTIARTL,BHARTIARTL,BPCL,BPCL,BPCL,BPCL,BPCL,BPCL,BAJAJFINSV,BAJAJFINSV,BAJAJFINSV,BAJAJFINSV,BAJAJFINSV,BAJAJFINSV,BAJAJFINSV,BAJAJFINSV,BAJAJFINSV,BAJAJFINSV,BAJAJFINSV,BAJAJFINSV,BAJAJFINSV,BAJAJFINSV,BAJAJFINSV,BAJAJFINSV,BAJAJFINSV,BAJAJFINSV,BAJAJFINSV,BAJAJFINSV,BAJAJFINSV,BAJAJFINSV,BAJAJFINSV,BAJAJFINSV,BAJAJFINSV,BAJAJFINSV,BAJAJFINSV,BAJAJFINSV,BAJAJFINSV,BAJAJFINSV,BAJAJFINSV,BAJAJFINSV,BAJAJFINSV,BAJAJFINSV
DRREDDY,DRREDDY,DLF,DLF,DLF,DLF,DLF,DLF,DLF,DLF,DLF,DLF,DLF,DLF,CIPLA,CIPLA,CIPLA,CIPLA,CIPLA,CIPLA,CIPLA,CIPLA,CIPLA,CIPLA,CIPLA,CIPLA,CIPLA,CIPLA,CIPLA,CIPLA,CIPLA,CIPLA,CIPLA,CIPLA,CIPLA,CIPLA,CIPLA,CIPLA,CIPLA,CIPLA,CIPLA,CIPLA,CIPLA,CIPLA,CIPLA,CIPLA,CIPLA,CIPLA,CIPLA,CIPLA,CIPLA,BPCL,BPCL,BPCL,BPCL,BPCL,BPCL,BPCL,BHARTIARTL,BPCL,BPCL,BPCL,BHARTIARTL,BPCL,BHARTIARTL,BPCL,BPCL,BPCL,BPCL,BPCL,BPCL,BPCL,BPCL,BPCL,BPCL,BPCL,BPCL,BPCL,BPCL,BPCL,BPCL,BPCL,BPCL,BPCL,BPCL,BPCL,BPCL,AMBUJACEM,BOSCHLTD,BOSCHLTD,BOSCHLTD,BOSCHLTD,BHEL,BPCL,BPCL,BPCL,BPCL,BPCL,BPCL,BHEL,BHEL,BHEL,BHEL,BHEL,BHEL,BHEL,BHEL,BHEL,BHARTIARTL,BHEL,BPCL,BPCL,BPCL,BPCL,BPCL,BPCL,BHARTIARTL,BHARTIARTL,BHARTIARTL,BHARTIARTL,BHARTIARTL,BHARTIARTL,BHARTIARTL,INDUSTOWER,INDUSTOWER,INDUSTOWER,CIPLA,INDUSTOWER,INDUSTOWER,INDUSTOWER,INDUSTOWER,INDUSTOWER,INDUSTOWER,INDUSTOWER,INDUSTOWER,INDUSTOWER,INDUSTOWER,INDUSTOWER,INDUSTOWER,INDUSTOWER,INDUSTOWER,INDUSTOWER,INDUSTOWER,INDUSTOWER,INDUSTOWER,INDUSTOWER,INDUSTOWER,INDUSTOWER,INDUSTOWER,INDUSTOWER,INDUSTOWER,INDUSTOWER,BRITANNIA,BRITANNIA,BRITANNIA,BRITANNIA,BRITANNIA,BRITANNIA,BRITANNIA,BRITANNIA,BRITANNIA,BRITANNIA,BRITANNIA,BRITANNIA,BRITANNIA,BRITANNIA,BRITANNIA,BRITANNIA,BRITANNIA,BRITANNIA,BHARTIARTL,BHARTIARTL,BHARTIARTL,BHARTIARTL,BHARTIARTL,BHARTIARTL,BPCL,BPCL,BPCL,BPCL,BPCL,BPCL,BPCL,BPCL,BPCL,BPCL,BPCL,BPCL,BPCL,BPCL,BPCL,BPCL,BPCL,BPCL,BPCL,BPCL,BPCL,BPCL,BPCL,BPCL,BEL,BEL,BEL,BEL,BEL,BEL,BEL,BEL,BEL,BEL
GAIL,GAIL,DRREDDY,DRREDDY,DRREDDY,DRREDDY,DRREDDY,DRREDDY,RPOWER,RPOWER,RPOWER,RPOWER,GAIL,GAIL,DLF,DLF,DLF,DLF,DLF,DLF,DLF,DLF,DLF,DLF,DLF,DLF,DLF,DLF,DLF,DLF,DLF,DLF,DLF,DLF,DLF,DLF,DLF,DLF,DLF,DLF,DLF,DLF,DLF,DLF,DLF,COALINDIA,COALINDIA,COALINDIA,COALINDIA,DLF,COALINDIA,CAIRN,CAIRN,CAIRN,CAIRN,CAIRN,CAIRN,CAIRN,CAIRN,CAIRN,CAIRN,CAIRN,CAIRN,CAIRN,CAIRN,CAIRN,CAIRN,CAIRN,CAIRN,CAIRN,CAIRN,CAIRN,CAIRN,CAIRN,CAIRN,CAIRN,CAIRN,CAIRN,CAIRN,CAIRN,CAIRN,CAIRN,CAIRN,CAIRN,CAIRN,CAIRN,CAIRN,HDFCBANK,BPCL,BPCL,BPCL,BPCL,BOSCHLTD,BHARTIARTL,BHARTIARTL,BHARTIARTL,BHARTIARTL,BHARTIARTL,BHARTIARTL,BPCL,BPCL,BPCL,BPCL,BPCL,BPCL,BPCL,BPCL,BPCL,INDUSTOWER,BPCL,BHARTIARTL,BHARTIARTL,BHARTIARTL,BHARTIARTL,BHARTIARTL,BHARTIARTL,INDUSTOWER,INDUSTOWER,INDUSTOWER,INDUSTOWER,INDUSTOWER,INDUSTOWER,INDUSTOWER,CIPLA,CIPLA,CIPLA,COALINDIA,CIPLA,CIPLA,CIPLA,CIPLA,CIPLA,CIPLA,CIPLA,BRITANNIA,BRITANNIA,BRITANNIA,BRITANNIA,BRITANNIA,BRITANNIA,BRITANNIA,BRITANNIA,BRITANNIA,BRITANNIA,BRITANNIA,BRITANNIA,BRITANNIA,BRITANNIA,BRITANNIA,BRITANNIA,BRITANNIA,BRITANNIA,CIPLA,CIPLA,CIPLA,CIPLA,CIPLA,CIPLA,CIPLA,CIPLA,CIPLA,CIPLA,CIPLA,CIPLA,CIPLA,CIPLA,CIPLA,CIPLA,CIPLA,CIPLA,BRITANNIA,BRITANNIA,BRITANNIA,BRITANNIA,BRITANNIA,BRITANNIA,BHARTIARTL,BHARTIARTL,BHARTIARTL,BHARTIARTL,BHARTIARTL,BHARTIARTL,BHARTIARTL,BHARTIARTL,BHARTIARTL,BHARTIARTL,BHARTIARTL,BHARTIARTL,BHARTIARTL,BHARTIARTL,BHARTIARTL,BHARTIARTL,BHARTIARTL,BHARTIARTL,BHARTIARTL,BHARTIARTL,BHARTIARTL,BHARTIARTL,BHARTIARTL,BHARTIARTL,BPCL,BPCL,BPCL,BPCL,BPCL,BPCL,BHARTIARTL,BHARTIARTL,BHARTIARTL,BHARTIARTL
GLAXO,GLAXO,GAIL,GAIL,GAIL,GAIL,GAIL,GAIL,GAIL,GAIL,GAIL,GAIL,GRASIM,GRASIM,GAIL,GAIL,GAIL,GAIL,GAIL,GAIL,GAIL,GAIL,GAIL,GAIL,GAIL,GAIL,GAIL,GAIL,GAIL,GAIL,GAIL,GAIL,GAIL,DRREDDY,DRREDDY,DRREDDY,DRREDDY,DRREDDY,DRREDDY,DRREDDY,DRREDDY,DRREDDY,DRREDDY,DRREDDY,DRREDDY,DLF,DLF,DLF,DLF,DRREDDY,DLF,CIPLA,CIPLA,CIPLA,CIPLA,CIPLA,CIPLA,CIPLA,CIPLA,CIPLA,CIPLA,CIPLA,CIPLA,CIPLA,CIPLA,CIPLA,CIPLA,CIPLA,CIPLA,CIPLA,CIPLA,CIPLA,CIPLA,CIPLA,CIPLA,CIPLA,CIPLA,CIPLA,CIPLA,CIPLA,CIPLA,CIPLA,CIPLA,CIPLA,CIPLA,CIPLA,CIPLA,HEROMOTOCO,CAIRN,CAIRN,CAIRN,CAIRN,BPCL,BOSCHLTD,BOSCHLTD,BOSCHLTD,BOSCHLTD,BOSCHLTD,BOSCHLTD,BHARTIARTL,BHARTIARTL,BHARTIARTL,BHARTIARTL,BHARTIARTL,BHARTIARTL,BHARTIARTL,BHARTIARTL,BHARTIARTL,BOSCHLTD,BHARTIARTL,INDUSTOWER,INDUSTOWER,INDUSTOWER,INDUSTOWER,INDUSTOWER,INDUSTOWER,BOSCHLTD,BOSCHLTD,BOSCHLTD,BOSCHLTD,BOSCHLTD,BOSCHLTD,BOSCHLTD,COALINDIA,COALINDIA,COALINDIA,DRREDDY,COALINDIA,COALINDIA,COALINDIA,COALINDIA,COALINDIA,COALINDIA,COALINDIA,CIPLA,CIPLA,CIPLA,CIPLA,CIPLA,CIPLA,CIPLA,CIPLA,CIPLA,CIPLA,CIPLA,CIPLA,CIPLA,CIPLA,CIPLA,CIPLA,CIPLA,CIPLA,COALINDIA,COALINDIA,COALINDIA,COALINDIA,COALINDIA,COALINDIA,COALINDIA,COALINDIA,COALINDIA,COALINDIA,COALINDIA,COALINDIA,COALINDIA,COALINDIA,COALINDIA,COALINDIA,COALINDIA,COALINDIA,CIPLA,CIPLA,CIPLA,CIPLA,CIPLA,CIPLA,BRITANNIA,BRITANNIA,BRITANNIA,BRITANNIA,BRITANNIA,BRITANNIA,BRITANNIA,BRITANNIA,BRITANNIA,BRITANNIA,BRITANNIA,BRITANNIA,BRITANNIA,BRITANNIA,BRITANNIA,BRITANNIA,BRITANNIA,BRITANNIA,BRITANNIA,BRITANNIA,BRITANNIA,BRITANNIA,BRITANNIA,BRITANNIA,BHARTIARTL,BHARTIARTL,BHARTIARTL,BHARTIARTL,BHARTIARTL,BHARTIARTL,CIPLA,CIPLA,CIPLA,CIPLA
GRASIM,GRASIM,GRASIM,GRASIM,GRASIM,GRASIM,GRASIM,GRASIM,GRASIM,GRASIM,GRASIM,GRASIM,HCLTECH,HCLTECH,GRASIM,GRASIM,GRASIM,GRASIM,GRASIM,GRASIM,GRASIM,GRASIM,GRASIM,GRASIM,GRASIM,GRASIM,GRASIM,HCLTECH,HCLTECH,HCLTECH,HCLTECH,HCLTECH,HCLTECH,GAIL,GAIL,GAIL,GAIL,GAIL,GAIL,GAIL,GAIL,GAIL,GAIL,GAIL,GAIL,DRREDDY,DRREDDY,DRREDDY,DRREDDY,GAIL,DRREDDY,COALINDIA,COALINDIA,COALINDIA,COALINDIA,COALINDIA,COALINDIA,COALINDIA,COALINDIA,COALINDIA,COALINDIA,COALINDIA,COALINDIA,COALINDIA,COALINDIA,COALINDIA,COALINDIA,COALINDIA,COALINDIA,COALINDIA,COALINDIA,COALINDIA,COALINDIA,COALINDIA,COALINDIA,COALINDIA,COALINDIA,COALINDIA,COALINDIA,COALINDIA,COALINDIA,COALINDIA,COALINDIA,COALINDIA,COALINDIA,COALINDIA,COALINDIA,HINDALCO,CIPLA,CIPLA,CIPLA,CIPLA,CAIRN,CAIRN,CAIRN,CAIRN,CAIRN,CAIRN,CAIRN,INDUSTOWER,INDUSTOWER,INDUSTOWER,INDUSTOWER,INDUSTOWER,INDUSTOWER,INDUSTOWER,INDUSTOWER,INDUSTOWER,CIPLA,INDUSTOWER,BOSCHLTD,BOSCHLTD,BOSCHLTD,BOSCHLTD,BOSCHLTD,BOSCHLTD,CIPLA,CIPLA,CIPLA,CIPLA,CIPLA,CIPLA,CIPLA,DRREDDY,DRREDDY,DRREDDY,EICHERMOT,DRREDDY,DRREDDY,DRREDDY,DRREDDY,DRREDDY,DRREDDY,DRREDDY,COALINDIA,COALINDIA,COALINDIA,COALINDIA,COALINDIA,COALINDIA,COALINDIA,COALINDIA,COALINDIA,COALINDIA,COALINDIA,COALINDIA,COALINDIA,COALINDIA,COALINDIA,COALINDIA,COALINDIA,COALINDIA,DIVISLAB,DIVISLAB,DIVISLAB,DIVISLAB,DIVISLAB,DIVISLAB,DIVISLAB,DIVISLAB,DIVISLAB,DIVISLAB,DIVISLAB,DIVISLAB,DIVISLAB,DIVISLAB,DIVISLAB,DIVISLAB,DIVISLAB,DIVISLAB,COALINDIA,COALINDIA,COALINDIA,COALINDIA,COALINDIA,COALINDIA,CIPLA,CIPLA,CIPLA,CIPLA,CIPLA,CIPLA,CIPLA,CIPLA,CIPLA,CIPLA,CIPLA,CIPLA,CIPLA,CIPLA,CIPLA,CIPLA,CIPLA,CIPLA,CIPLA,CIPLA,CIPLA,CIPLA,CIPLA,CIPLA,BRITANNIA,BRITANNIA,BRITANNIA,BRITANNIA,BRITANNIA,BRITANNIA,COALINDIA,COALINDIA,COALINDIA,COALINDIA
AMBUJACEM,AMBUJACEM,HCLTECH,HCLTECH,HCLTECH,HCLTECH,HCLTECH,HCLTECH,HCLTECH,HCLTECH,HCLTECH,HCLTECH,HDFC,HDFC,HCLTECH,HCLTECH,HCLTECH,HCLTECH,HCLTECH,HCLTECH,HCLTECH,HCLTECH,HCLTECH,HCLTECH,HCLTECH,HCLTECH,HCLTECH,HDFCBANK,HDFCBANK,HDFCBANK,HDFCBANK,HDFCBANK,HDFCBANK,HCLTECH,HCLTECH,HCLTECH,HCLTECH,HCLTECH,GRASIM,GRASIM,GRASIM,GRASIM,GRASIM,GRASIM,GRASIM,GAIL,GAIL,GAIL,GAIL,GRASIM,GAIL,DLF,DLF,DLF,DLF,DLF,DLF,DLF,DLF,DLF,DLF,DLF,DLF,DLF,DLF,DLF,DLF,DLF,DLF,DLF,DLF,DLF,DLF,DLF,DLF,DLF,DLF,DLF,DLF,DLF,DLF,DLF,DLF,DLF,DLF,DLF,DRREDDY,HINDUNILVR,COALINDIA,COALINDIA,COALINDIA,COALINDIA,CIPLA,CIPLA,CIPLA,CIPLA,CIPLA,CIPLA,CIPLA,BOSCHLTD,BOSCHLTD,BOSCHLTD,BOSCHLTD,BOSCHLTD,BOSCHLTD,BOSCHLTD,BOSCHLTD,BOSCHLTD,COALINDIA,BOSCHLTD,CIPLA,CIPLA,CIPLA,CIPLA,CIPLA,CIPLA,COALINDIA,COALINDIA,COALINDIA,COALINDIA,COALINDIA,COALINDIA,COALINDIA,EICHERMOT,EICHERMOT,EICHERMOT,GAIL,EICHERMOT,EICHERMOT,EICHERMOT,EICHERMOT,EICHERMOT,EICHERMOT,EICHERMOT,DRREDDY,DRREDDY,DRREDDY,DRREDDY,DRREDDY,DRREDDY,DRREDDY,DRREDDY,DRREDDY,DRREDDY,DRREDDY,DRREDDY,DRREDDY,DRREDDY,DRREDDY,DRREDDY,DRREDDY,DRREDDY,DRREDDY,DRREDDY,DRREDDY,DRREDDY,DRREDDY,DRREDDY,DRREDDY,DRREDDY,DRREDDY,DRREDDY,DRREDDY,DRREDDY,DRREDDY,DRREDDY,DRREDDY,DRREDDY,DRREDDY,DRREDDY,DIVISLAB,DIVISLAB,DIVISLAB,DIVISLAB,DIVISLAB,DIVISLAB,COALINDIA,COALINDIA,COALINDIA,COALINDIA,COALINDIA,COALINDIA,COALINDIA,COALINDIA,COALINDIA,COALINDIA,COALINDIA,COALINDIA,COALINDIA,COALINDIA,COALINDIA,COALINDIA,COALINDIA,COALINDIA,COALINDIA,COALINDIA,COALINDIA,COALINDIA,COALINDIA,COALINDIA,CIPLA,CIPLA,CIPLA,CIPLA,CIPLA,CIPLA,DRREDDY,DRREDDY,DRREDDY,DRREDDY
HCLTECH,HCLTECH,HDFC,HDFC,HDFC,HDFC,HDFC,HDFC,HDFC,HDFC,HDFC,HDFC,HDFCBANK,HDFCBANK,HDFC,HDFC,HDFC,HDFC,HDFC,HDFC,HDFC,HDFC,HDFC,HDFC,HDFC,HDFC,HDFC,HEROHONDA,HEROHONDA,HEROHONDA,HEROHONDA,HEROHONDA,HEROHONDA,HDFCBANK,HDFCBANK,HDFCBANK,HDFCBANK,HDFCBANK,HCLTECH,HCLTECH,HCLTECH,HCLTECH,HCLTECH,HCLTECH,HCLTECH,GRASIM,GRASIM,GRASIM,GRASIM,HCLTECH,GRASIM,DRREDDY,DRREDDY,DRREDDY,DRREDDY,DRREDDY,DRREDDY,DRREDDY,DRREDDY,DRREDDY,DRREDDY,DRREDDY,DRREDDY,DRREDDY,DRREDDY,DRREDDY,DRREDDY,DRREDDY,DRREDDY,DRREDDY,DRREDDY,DRREDDY,DRREDDY,DRREDDY,DRREDDY,DRREDDY,DRREDDY,DRREDDY,DRREDDY,DRREDDY,DRREDDY,DRREDDY,DRREDDY,DRREDDY,DRREDDY,DRREDDY,GAIL,HDFC,DRREDDY,DRREDDY,DRREDDY,DRREDDY,COALINDIA,COALINDIA,COALINDIA,COALINDIA,COALINDIA,COALINDIA,COALINDIA,CIPLA,CIPLA,CIPLA,CIPLA,CIPLA,CIPLA,CIPLA,CIPLA,CIPLA,DRREDDY,CIPLA,COALINDIA,COALINDIA,COALINDIA,COALINDIA,COALINDIA,COALINDIA,DRREDDY,DRREDDY,DRREDDY,DRREDDY,DRREDDY,DRREDDY,DRREDDY,GAIL,GAIL,GAIL,GRASIM,GAIL,GAIL,GAIL,GAIL,GAIL,GAIL,GAIL,EICHERMOT,EICHERMOT,EICHERMOT,EICHERMOT,EICHERMOT,EICHERMOT,EICHERMOT,EICHERMOT,EICHERMOT,EICHERMOT,EICHERMOT,EICHERMOT,EICHERMOT,EICHERMOT,EICHERMOT,EICHERMOT,EICHERMOT,EICHERMOT,EICHERMOT,EICHERMOT,EICHERMOT,EICHERMOT,EICHERMOT,EICHERMOT,EICHERMOT,EICHERMOT,EICHERMOT,EICHERMOT,EICHERMOT,EICHERMOT,EICHERMOT,EICHERMOT,EICHERMOT,EICHERMOT,EICHERMOT,EICHERMOT,DRREDDY,DRREDDY,DRREDDY,DRREDDY,DRREDDY,DRREDDY,DIVISLAB,DIVISLAB,DIVISLAB,DIVISLAB,DIVISLAB,DIVISLAB,DIVISLAB,DIVISLAB,DIVISLAB,DIVISLAB,DIVISLAB,DIVISLAB,DIVISLAB,DIVISLAB,DIVISLAB,DIVISLAB,DIVISLAB,DIVISLAB,DIVISLAB,DIVISLAB,DIVISLAB,DIVISLAB,DIVISLAB,DIVISLAB,COALINDIA,COALINDIA,COALINDIA,COALINDIA,COALINDIA,COALINDIA,EICHERMOT,EICHERMOT,EICHERMOT,EICHERMOT
HDFC,HDFC,HDFCBANK,HDFCBANK,HDFCBANK,HDFCBANK,HDFCBANK,HDFCBANK,HDFCBANK,HDFCBANK,HDFCBANK,HDFCBANK,HEROHONDA,HEROHONDA,HDFCBANK,HDFCBANK,HDFCBANK,HDFCBANK,HDFCBANK,HDFCBANK,HDFCBANK,HDFCBANK,HDFCBANK,HDFCBANK,HDFCBANK,HDFCBANK,HDFCBANK,HINDALCO,HINDALCO,HINDALCO,HINDALCO,HINDALCO,HINDALCO,HEROHONDA,HEROHONDA,HEROHONDA,HEROHONDA,HEROHONDA,HDFCBANK,HDFCBANK,HDFC,HDFC,HDFC,HDFC,HDFC,HCLTECH,HCLTECH,HCLTECH,HCLTECH,HDFC,HCLTECH,GAIL,GAIL,GAIL,GAIL,GAIL,GAIL,GAIL,GAIL,GAIL,GAIL,GAIL,GAIL,GAIL,GAIL,GAIL,GAIL,GAIL,GAIL,GAIL,GAIL,GAIL,GAIL,GAIL,GAIL,GAIL,GAIL,GAIL,GAIL,GAIL,GAIL,GAIL,GAIL,GAIL,GAIL,GAIL,GRASIM,INFY,GAIL,GAIL,GAIL,GAIL,DRREDDY,DRREDDY,DRREDDY,DRREDDY,DRREDDY,DRREDDY,DRREDDY,COALINDIA,COALINDIA,COALINDIA,COALINDIA,COALINDIA,COALINDIA,COALINDIA,COALINDIA,COALINDIA,EICHERMOT,COALINDIA,DRREDDY,DRREDDY,DRREDDY,DRREDDY,DRREDDY,DRREDDY,EICHERMOT,EICHERMOT,EICHERMOT,EICHERMOT,EICHERMOT,EICHERMOT,EICHERMOT,GRASIM,GRASIM,GRASIM,HCLTECH,GRASIM,GRASIM,GRASIM,GRASIM,GRASIM,GRASIM,GRASIM,GAIL,GAIL,GAIL,GAIL,GAIL,GAIL,GAIL,GAIL,GAIL,GAIL,GAIL,GAIL,GAIL,GAIL,GAIL,GAIL,GAIL,GAIL,GAIL,GAIL,GAIL,GAIL,GAIL,GAIL,GRASIM,GRASIM,GRASIM,GRASIM,GRASIM,GRASIM,GRASIM,GRASIM,GRASIM,GRASIM,GRASIM,GRASIM,EICHERMOT,EICHERMOT,EICHERMOT,EICHERMOT,EICHERMOT,EICHERMOT,DRREDDY,DRREDDY,DRREDDY,DRREDDY,DRREDDY,DRREDDY,DRREDDY,DRREDDY,DRREDDY,DRREDDY,DRREDDY,DRREDDY,DRREDDY,DRREDDY,DRREDDY,DRREDDY,DRREDDY,DRREDDY,DRREDDY,DRREDDY,DRREDDY,DRREDDY,DRREDDY,DRREDDY,DRREDDY,DRREDDY,DRREDDY,DRREDDY,DRREDDY,DRREDDY,ETERNAL,ETERNAL,ETERNAL,ETERNAL
HDFCBANK,HDFCBANK,HEROHONDA,HEROHONDA,HEROHONDA,HEROHONDA,HEROHONDA,HEROHONDA,HEROHONDA,HEROHONDA,HEROHONDA,HEROHONDA,HINDALCO,HINDALCO,HEROHONDA,HEROHONDA,HEROHONDA,HEROHONDA,HEROHONDA,HEROHONDA,HEROHONDA,HEROHONDA,HEROHONDA,HEROHONDA,HEROHONDA,HEROHONDA,HEROHONDA,HINDUNILVR,HINDUNILVR,HINDUNILVR,HINDUNILVR,HINDUNILVR,HINDUNILVR,HINDALCO,HINDALCO,HINDALCO,HINDALCO,HINDALCO,HEROHONDA,HEROHONDA,HDFCBANK,HDFCBANK,HDFCBANK,HDFCBANK,HDFCBANK,HDFCBANK,HDFC,HDFC,HDFC,HDFCBANK,HDFCBANK,GRASIM,GRASIM,GRASIM,GRASIM,GRASIM,GRASIM,GRASIM,GRASIM,GRASIM,GRASIM,GRASIM,GRASIM,GRASIM,GRASIM,GRASIM,GRASIM,GRASIM,GRASIM,GRASIM,GRASIM,GRASIM,GRASIM,GRASIM,GRASIM,GRASIM,GRASIM,GRASIM,GRASIM,GRASIM,GRASIM,GRASIM,GRASIM,GRASIM,GRASIM,GRASIM,HCLTECH,ITC,GRASIM,GRASIM,GRASIM,GRASIM,GAIL,GAIL,GAIL,GAIL,GAIL,GAIL,GAIL,DRREDDY,DRREDDY,DRREDDY,DRREDDY,DRREDDY,DRREDDY,DRREDDY,DRREDDY,DRREDDY,GAIL,DRREDDY,EICHERMOT,EICHERMOT,EICHERMOT,EICHERMOT,EICHERMOT,EICHERMOT,GAIL,GAIL,GAIL,GAIL,GAIL,GAIL,GAIL,HCLTECH,HCLTECH,HCLTECH,HDFC,HCLTECH,HCLTECH,HCLTECH,HCLTECH,HCLTECH,HCLTECH,HCLTECH,GRASIM,GRASIM,GRASIM,GRASIM,GRASIM,GRASIM,GRASIM,GRASIM,GRASIM,GRASIM,GRASIM,GRASIM,GRASIM,GRASIM,GRASIM,GRASIM,GRASIM,GRASIM,GRASIM,GRASIM,GRASIM,GRASIM,GRASIM,GRASIM,HCLTECH,HCLTECH,HCLTECH,HCLTECH,HCLTECH,HCLTECH,HCLTECH,HCLTECH,HCLTECH,HCLTECH,HCLTECH,HCLTECH,GRASIM,GRASIM,GRASIM,GRASIM,GRASIM,GRASIM,EICHERMOT,EICHERMOT,EICHERMOT,EICHERMOT,EICHERMOT,EICHERMOT,EICHERMOT,EICHERMOT,EICHERMOT,EICHERMOT,EICHERMOT,EICHERMOT,EICHERMOT,EICHERMOT,EICHERMOT,EICHERMOT,EICHERMOT,EICHERMOT,EICHERMOT,EICHERMOT,EICHERMOT,EICHERMOT,EICHERMOT,EICHERMOT,EICHERMOT,EICHERMOT,EICHERMOT,EICHERMOT,EICHERMOT,EICHERMOT,GRASIM,GRASIM,GRASIM,GRASIM
HEROHONDA,HEROHONDA,HINDALCO,HINDALCO,HINDALCO,HINDALCO,HINDALCO,HINDALCO,HINDALCO,HINDALCO,HINDALCO,HINDALCO,HINDUNILVR,HINDUNILVR,HINDALCO,HINDALCO,HINDALCO,HINDALCO,HINDALCO,HINDALCO,HINDALCO,HINDALCO,HINDALCO,HINDALCO,HINDALCO,HINDALCO,HINDALCO,HDFC,HDFC,HDFC,HDFC,HDFC,HDFC,HINDUNILVR,HINDUNILVR,HINDUNILVR,HINDUNILVR,HINDUNILVR,HINDALCO,HINDALCO,HEROHONDA,HEROHONDA,HEROHONDA,HEROMOTOCO,HEROMOTOCO,HEROMOTOCO,HDFCBANK,HDFCBANK,HDFCBANK,HEROMOTOCO,HEROMOTOCO,HCLTECH,HCLTECH,HCLTECH,HCLTECH,HCLTECH,HCLTECH,HCLTECH,HCLTECH,HCLTECH,HCLTECH,HCLTECH,HCLTECH,HCLTECH,HCLTECH,HCLTECH,HCLTECH,HCLTECH,HCLTECH,HCLTECH,HCLTECH,HCLTECH,HCLTECH,HCLTECH,HCLTECH,HCLTECH,HCLTECH,HCLTECH,HCLTECH,HCLTECH,HCLTECH,HCLTECH,HCLTECH,HCLTECH,HCLTECH,HCLTECH,HDFC,KOTAKBANK,HCLTECH,HCLTECH,HCLTECH,HCLTECH,GRASIM,GRASIM,GRASIM,GRASIM,GRASIM,GRASIM,GRASIM,EICHERMOT,EICHERMOT,EICHERMOT,EICHERMOT,EICHERMOT,EICHERMOT,EICHERMOT,EICHERMOT,EICHERMOT,HCLTECH,EICHERMOT,GAIL,GAIL,GAIL,GAIL,GAIL,GAIL,HCLTECH,HCLTECH,HCLTECH,HCLTECH,HCLTECH,HCLTECH,HCLTECH,HDFCBANK,HDFCBANK,HDFCBANK,HDFCBANK,HDFCBANK,HDFCBANK,HDFCBANK,HDFCBANK,HDFCBANK,HDFCBANK,HDFCBANK,HCLTECH,HCLTECH,HCLTECH,HCLTECH,HCLTECH,HCLTECH,HCLTECH,HCLTECH,HCLTECH,HCLTECH,HCLTECH,HCLTECH,HCLTECH,HCLTECH,HCLTECH,HCLTECH,HCLTECH,HCLTECH,HCLTECH,HCLTECH,HCLTECH,HCLTECH,HCLTECH,HCLTECH,HDFCBANK,HDFCBANK,HDFCBANK,HDFCBANK,HDFCBANK,HDFCBANK,HDFCBANK,HDFCBANK,HDFCBANK,HDFCBANK,HDFCBANK,HDFCBANK,HCLTECH,HCLTECH,HCLTECH,HCLTECH,HCLTECH,HCLTECH,GRASIM,GRASIM,GRASIM,GRASIM,GRASIM,GRASIM,GRASIM,GRASIM,GRASIM,GRASIM,GRASIM,GRASIM,GRASIM,GRASIM,GRASIM,GRASIM,GRASIM,GRASIM,GRASIM,GRASIM,GRASIM,GRASIM,GRASIM,GRASIM,GRASIM,GRASIM,GRASIM,GRASIM,GRASIM,GRASIM,HCLTECH,HCLTECH,HCLTECH,HCLTECH
HINDALCO,HINDALCO,HINDUNILVR,HINDUNILVR,HINDUNILVR,HINDUNILVR,HINDUNILVR,HINDUNILVR,HINDUNILVR,HINDUNILVR,HINDUNILVR,HINDUNILVR,ICICIBANK,ICICIBANK,HINDUNILVR,HINDUNILVR,HINDUNILVR,HINDUNILVR,HINDUNILVR,HINDUNILVR,HINDUNILVR,HINDUNILVR,HINDUNILVR,HINDUNILVR,HINDUNILVR,HINDUNILVR,HINDUNILVR,ITC,ITC,ITC,ITC,ITC,ITC,HDFC,HDFC,HDFC,HDFC,HDFC,HINDUNILVR,HINDUNILVR,HINDALCO,HINDALCO,HINDALCO,HINDALCO,HINDALCO,HINDALCO,HEROMOTOCO,HEROMOTOCO,HEROMOTOCO,HINDALCO,HINDALCO,HDFC,HDFC,HDFC,HDFC,HDFC,HDFC,HDFC,HDFCBANK,HDFC,HDFC,HDFC,HDFCBANK,HDFC,HDFCBANK,HDFC,HDFC,HDFC,HDFC,HDFC,HDFC,HDFC,HDFC,HDFC,HDFC,HDFC,HDFC,HDFC,HDFC,HDFC,HDFC,HDFC,HDFC,HDFC,HDFC,HDFC,HDFCBANK,M&M,HDFC,HDFC,HDFC,HDFC,HCLTECH,HCLTECH,HCLTECH,HCLTECH,HCLTECH,HCLTECH,HCLTECH,GAIL,GAIL,GAIL,GAIL,GAIL,GAIL,GAIL,GAIL,GAIL,HDFCBANK,GAIL,GRASIM,GRASIM,HCLTECH,HCLTECH,HCLTECH,HCLTECH,HDFCBANK,HDFCBANK,HDFCBANK,HDFCBANK,HDFCBANK,HDFCBANK,HDFCBANK,HEROMOTOCO,HEROMOTOCO,HEROMOTOCO,HEROMOTOCO,HEROMOTOCO,HEROMOTOCO,HEROMOTOCO,HEROMOTOCO,HEROMOTOCO,HEROMOTOCO,HEROMOTOCO,HDFCBANK,HDFCBANK,HDFCBANK,HDFCBANK,HDFCBANK,HDFCBANK,HDFCBANK,HDFCBANK,HDFCBANK,HDFCBANK,HDFCBANK,HDFCBANK,HDFCBANK,HDFCBANK,HDFCBANK,HDFCBANK,HDFCBANK,HDFCBANK,HDFCBANK,HDFCBANK,HDFCBANK,HDFCBANK,HDFCBANK,HDFCBANK,HDFCLIFE,HDFCLIFE,HDFCLIFE,HDFCLIFE,HDFCLIFE,HDFCLIFE,HDFCLIFE,HDFCLIFE,HDFCLIFE,HDFCLIFE,HDFCLIFE,HDFCLIFE,HDFCBANK,HDFCBANK,HDFCBANK,HDFCBANK,HDFCBANK,HDFCBANK,HCLTECH,HCLTECH,HCLTECH,HCLTECH,HCLTECH,HCLTECH,HCLTECH,HCLTECH,HCLTECH,HCLTECH,HCLTECH,HCLTECH,HCLTECH,HCLTECH,HCLTECH,HCLTECH,HCLTECH,HCLTECH,HCLTECH,HCLTECH,HCLTECH,HCLTECH,HCLTECH,HCLTECH,HCLTECH,HCLTECH,HCLTECH,HCLTECH,HCLTECH,HCLTECH,HDFCBANK,HDFCBANK,HDFCBANK,HDFCBANK
HINDUNILVR,HINDUNILVR,ICICIBANK,ICICIBANK,ICICIBANK,ICICIBANK,ICICIBANK,ICICIBANK,ICICIBANK,ICICIBANK,ICICIBANK,ICICIBANK,IDEA,IDEA,ICICIBANK,ICICIBANK,ICICIBANK,ICICIBANK,ICICIBANK,ICICIBANK,ICICIBANK,ICICIBANK,ICICIBANK,ICICIBANK,ICICIBANK,ICICIBANK,ICICIBANK,ICICIBANK,ICICIBANK,ICICIBANK,ICICIBANK,ICICIBANK,ICICIBANK,ITC,ITC,ITC,ITC,ITC,HDFC,HDFC,HINDUNILVR,HINDUNILVR,HINDUNILVR,HINDUNILVR,HINDUNILVR,HINDUNILVR,HINDALCO,HINDALCO,HINDALCO,HINDUNILVR,HINDUNILVR,HDFCBANK,HDFCBANK,HDFCBANK,HDFCBANK,HDFCBANK,HDFCBANK,HDFCBANK,HEROMOTOCO,HDFCBANK,HDFCBANK,HDFCBANK,HEROMOTOCO,HDFCBANK,HEROMOTOCO,HDFCBANK,HDFCBANK,HDFCBANK,HDFCBANK,HDFCBANK,HDFCBANK,HDFCBANK,HDFCBANK,HDFCBANK,HDFCBANK,HDFCBANK,HDFCBANK,HDFCBANK,HDFCBANK,HDFCBANK,HDFCBANK,HDFCBANK,HDFCBANK,HDFCBANK,HDFCBANK,HDFCBANK,HEROMOTOCO,ONGC,HDFCBANK,HDFCBANK,HDFCBANK,HDFCBANK,HDFC,HDFCBANK,HDFCBANK,HDFCBANK,HDFCBANK,HDFCBANK,HDFCBANK,GRASIM,GRASIM,GRASIM,GRASIM,GRASIM,GRASIM,GRASIM,GRASIM,GRASIM,HEROMOTOCO,GRASIM,HCLTECH,HCLTECH,HDFCBANK,HDFCBANK,HDFCBANK,HDFCBANK,HEROMOTOCO,HEROMOTOCO,HEROMOTOCO,HEROMOTOCO,HEROMOTOCO,HEROMOTOCO,HEROMOTOCO,HINDALCO,HINDALCO,HINDALCO,HINDALCO,HINDALCO,HINDALCO,HINDALCO,HINDALCO,HINDALCO,HINDALCO,HINDALCO,HEROMOTOCO,HEROMOTOCO,HEROMOTOCO,HEROMOTOCO,HEROMOTOCO,HEROMOTOCO,HEROMOTOCO,HEROMOTOCO,HEROMOTOCO,HEROMOTOCO,HEROMOTOCO,HEROMOTOCO,HEROMOTOCO,HEROMOTOCO,HEROMOTOCO,HEROMOTOCO,HDFCLIFE,HDFCLIFE,HDFCLIFE,HDFCLIFE,HDFCLIFE,HDFCLIFE,HDFCLIFE,HDFCLIFE,HEROMOTOCO,HEROMOTOCO,HEROMOTOCO,HEROMOTOCO,HEROMOTOCO,HEROMOTOCO,HEROMOTOCO,HEROMOTOCO,HEROMOTOCO,HEROMOTOCO,HEROMOTOCO,HEROMOTOCO,HDFCLIFE,HDFCLIFE,HDFCLIFE,HDFCLIFE,HDFCLIFE,HDFCLIFE,HDFCBANK,HDFCBANK,HDFCBANK,HDFCBANK,HDFCBANK,HDFCBANK,HDFCBANK,HDFCBANK,HDFCBANK,HDFCBANK,HDFCBANK,HDFCBANK,HDFCBANK,HDFCBANK,HDFCBANK,HDFCBANK,HDFCBANK,HDFCBANK,HDFCBANK,HDFCBANK,HDFCBANK,HDFCBANK,HDFCBANK,HDFCBANK,HDFCBANK,HDFCBANK,HDFCBANK,HDFCBANK,HDFCBANK,HDFCBANK,HDFCLIFE,HDFCLIFE,HDFCLIFE,HDFCLIFE
CAIRN,CAIRN,IDEA,IDEA,IDEA,IDEA,IDEA,IDEA,IDEA,IDEA,IDEA,IDEA,INFY,INFY,IDEA,IDEA,IDEA,IDEA,IDEA,IDEA,IDEA,IDEA,IDEA,IDEA,IDEA,IDEA,IDEA,IDEA,IDEA,IDEA,IDEA,IDEA,IDEA,ICICIBANK,ICICIBANK,ICICIBANK,ICICIBANK,ICICIBANK,ITC,ITC,ICICIBANK,ICICIBANK,ICICIBANK,ICICIBANK,ICICIBANK,HDFC,HINDUNILVR,HINDUNILVR,HINDUNILVR,ICICIBANK,HDFC,HEROMOTOCO,HEROMOTOCO,HEROMOTOCO,HEROMOTOCO,HEROMOTOCO,HEROMOTOCO,HEROMOTOCO,HINDALCO,HEROMOTOCO,HEROMOTOCO,HEROMOTOCO,HINDALCO,HEROMOTOCO,HINDALCO,HEROMOTOCO,HEROMOTOCO,HEROMOTOCO,HEROMOTOCO,HEROMOTOCO,HEROMOTOCO,HEROMOTOCO,HEROMOTOCO,HEROMOTOCO,HEROMOTOCO,HEROMOTOCO,HEROMOTOCO,HEROMOTOCO,HEROMOTOCO,HEROMOTOCO,HEROMOTOCO,HEROMOTOCO,HEROMOTOCO,HEROMOTOCO,HEROMOTOCO,HEROMOTOCO,HINDALCO,RELIANCE,HEROMOTOCO,HEROMOTOCO,HEROMOTOCO,HEROMOTOCO,HDFCBANK,HEROMOTOCO,HEROMOTOCO,HEROMOTOCO,HEROMOTOCO,HEROMOTOCO,HEROMOTOCO,HCLTECH,HCLTECH,HCLTECH,HCLTECH,HCLTECH,HCLTECH,HCLTECH,HCLTECH,HCLTECH,HINDALCO,HCLTECH,HDFCBANK,HDFCBANK,HEROMOTOCO,HEROMOTOCO,HEROMOTOCO,HEROMOTOCO,HINDALCO,HINDALCO,HINDALCO,HINDALCO,HINDALCO,HINDALCO,HINDALCO,HINDPETRO,HINDPETRO,HINDPETRO,HINDPETRO,HINDPETRO,HINDPETRO,HINDPETRO,HINDPETRO,HINDPETRO,HINDPETRO,HINDPETRO,HINDALCO,HINDALCO,HINDALCO,HINDALCO,HINDALCO,HINDALCO,HINDALCO,HINDALCO,HINDALCO,HINDALCO,HINDALCO,HINDALCO,HINDALCO,HINDALCO,HINDALCO,HINDALCO,HEROMOTOCO,HEROMOTOCO,HEROMOTOCO,HEROMOTOCO,HEROMOTOCO,HEROMOTOCO,HEROMOTOCO,HEROMOTOCO,HINDALCO,HINDALCO,HINDALCO,HINDALCO,HINDALCO,HINDALCO,HINDALCO,HINDALCO,HINDALCO,HINDALCO,HINDALCO,HINDALCO,HEROMOTOCO,HEROMOTOCO,HEROMOTOCO,HEROMOTOCO,HEROMOTOCO,HEROMOTOCO,HDFCLIFE,HDFCLIFE,HDFCLIFE,HDFCLIFE,HDFCLIFE,HDFCLIFE,HDFCLIFE,HDFCLIFE,HDFCLIFE,HDFCLIFE,HDFCLIFE,HDFCLIFE,HDFCLIFE,HDFCLIFE,HDFCLIFE,HDFCLIFE,HDFCLIFE,HDFCLIFE,HDFCLIFE,HDFCLIFE,HDFCLIFE,HDFCLIFE,HDFCLIFE,HDFCLIFE,HDFCLIFE,HDFCLIFE,HDFCLIFE,HDFCLIFE,HDFCLIFE,HDFCLIFE,HEROMOTOCO,HEROMOTOCO,HEROMOTOCO,HEROMOTOCO
ICICIBANK,ICICIBANK,INFY,INFY,INFY,INFY,INFY,INFY,INFY,INFY,INFY,INFY,ITC,ITC,INFY,INFY,INFY,INFY,INFY,INFY,INFY,IDFC,IDFC,IDFC,IDFC,IDFC,IDFC,INFY,INFY,INFY,INFY,INFY,INFY,INFY,INFY,INFY,INFY,INFY,ICICIBANK,ICICIBANK,IDFC,IDFC,IDFC,IDFC,IDFC,ITC,ICICIBANK,ICICIBANK,ICICIBANK,IDFC,ITC,HINDALCO,HINDALCO,HINDALCO,HINDALCO,HINDALCO,HINDALCO,HINDALCO,HINDUNILVR,HINDALCO,HINDALCO,HINDALCO,HINDUNILVR,HINDALCO,HINDUNILVR,HINDALCO,HINDALCO,HINDALCO,HINDALCO,HINDALCO,HINDALCO,HINDALCO,HINDALCO,HINDALCO,HINDALCO,HINDALCO,HINDALCO,HINDALCO,HINDALCO,HINDALCO,HINDALCO,HINDALCO,HINDALCO,HINDALCO,HINDALCO,HINDALCO,HINDUNILVR,VEDL,HINDALCO,HINDALCO,HINDALCO,HINDALCO,HEROMOTOCO,HINDALCO,HINDALCO,HINDALCO,HINDALCO,HINDALCO,HINDALCO,HDFCBANK,HDFCBANK,HDFCBANK,HDFCBANK,HDFCBANK,HDFCBANK,HDFCBANK,HDFCBANK,HDFCBANK,HINDPETRO,HDFCBANK,HEROMOTOCO,HEROMOTOCO,HINDALCO,HINDALCO,HINDALCO,HINDALCO,HINDPETRO,HINDPETRO,HINDPETRO,HINDPETRO,HINDPETRO,HINDPETRO,HINDPETRO,HINDUNILVR,HINDUNILVR,HINDUNILVR,HINDUNILVR,HINDUNILVR,HINDUNILVR,HINDUNILVR,HINDUNILVR,HINDUNILVR,HINDUNILVR,HINDUNILVR,HINDUNILVR,HINDUNILVR,HINDUNILVR,HINDUNILVR,HINDUNILVR,HINDUNILVR,HINDUNILVR,HINDUNILVR,HINDUNILVR,HINDUNILVR,HINDUNILVR,HINDUNILVR,HINDUNILVR,HINDUNILVR,HINDUNILVR,HINDUNILVR,HINDALCO,HINDALCO,HINDALCO,HINDALCO,HINDALCO,HINDALCO,HINDALCO,HINDALCO,HINDUNILVR,HINDUNILVR,HINDUNILVR,HINDUNILVR,HINDUNILVR,HINDUNILVR,HINDUNILVR,HINDUNILVR,HINDUNILVR,HINDUNILVR,HINDUNILVR,HINDUNILVR,HINDALCO,HINDALCO,HINDALCO,HINDALCO,HINDALCO,HINDALCO,HEROMOTOCO,HEROMOTOCO,HEROMOTOCO,HEROMOTOCO,HEROMOTOCO,HEROMOTOCO,HEROMOTOCO,HEROMOTOCO,HEROMOTOCO,HEROMOTOCO,HEROMOTOCO,HEROMOTOCO,HEROMOTOCO,HEROMOTOCO,HEROMOTOCO,HEROMOTOCO,HEROMOTOCO,HEROMOTOCO,HEROMOTOCO,HEROMOTOCO,HEROMOTOCO,HEROMOTOCO,HEROMOTOCO,HEROMOTOCO,HEROMOTOCO,HEROMOTOCO,HEROMOTOCO,HEROMOTOCO,HEROMOTOCO,HEROMOTOCO,HINDALCO,HINDALCO,HINDALCO,HINDALCO
INFY,INFY,ITC,ITC,ITC,ITC,ITC,ITC,ITC,ITC,ITC,ITC,LT,LT,ITC,ITC,ITC,ITC,ITC,ITC,ITC,INFY,INFY,INFY,INFY,INFY,INFY,IDFC,IDFC,IDFC,IDFC,IDFC,IDFC,IDFC,IDFC,IDFC,IDFC,IDFC,INFY,INFY,INFY,INFY,INFY,INFY,INFY,ICICIBANK,IDFC,IDFC,IDFC,INFY,ICICIBANK,HINDUNILVR,HINDUNILVR,HINDUNILVR,HINDUNILVR,HINDUNILVR,HINDUNILVR,HINDUNILVR,HDFC,HINDUNILVR,HINDUNILVR,HINDUNILVR,HDFC,HINDUNILVR,HDFC,HINDUNILVR,HINDUNILVR,HINDUNILVR,HINDUNILVR,HINDUNILVR,HINDUNILVR,HINDUNILVR,HINDUNILVR,HINDUNILVR,HINDUNILVR,HINDUNILVR,HINDUNILVR,HINDUNILVR,HINDUNILVR,HINDUNILVR,HINDUNILVR,HINDUNILVR,HINDUNILVR,HINDUNILVR,HINDUNILVR,HINDUNILVR,ICICIBANK,SBIN,HINDUNILVR,HINDUNILVR,HINDUNILVR,HINDUNILVR,HINDALCO,HINDUNILVR,HINDUNILVR,HINDUNILVR,HINDUNILVR,HINDUNILVR,HINDUNILVR,HEROMOTOCO,HEROMOTOCO,HEROMOTOCO,HEROMOTOCO,HEROMOTOCO,HEROMOTOCO,HEROMOTOCO,HEROMOTOCO,HEROMOTOCO,HINDUNILVR,HEROMOTOCO,HINDALCO,HINDALCO,HINDUNILVR,HINDUNILVR,HINDUNILVR,HINDUNILVR,HINDUNILVR,HINDUNILVR,HINDUNILVR,HINDUNILVR,HINDUNILVR,HINDUNILVR,HINDUNILVR,HDFC,HDFC,HDFC,SAMMAANCAP,HDFC,HDFC,HDFC,HDFC,HDFC,HDFC,HDFC,HDFC,HDFC,HDFC,HDFC,HDFC,HDFC,HDFC,HDFC,HDFC,HDFC,HDFC,HDFC,HDFC,HDFC,HDFC,HDFC,HINDUNILVR,HINDUNILVR,HINDUNILVR,HINDUNILVR,HINDUNILVR,HINDUNILVR,HINDUNILVR,HINDUNILVR,HDFC,HDFC,HDFC,HDFC,HDFC,HDFC,HDFC,HDFC,HDFC,HDFC,HDFC,HDFC,HINDUNILVR,HINDUNILVR,HINDUNILVR,HINDUNILVR,HINDUNILVR,HINDUNILVR,HINDALCO,HINDALCO,HINDALCO,HINDALCO,HINDALCO,HINDALCO,HINDALCO,HINDALCO,HINDALCO,HINDALCO,HINDALCO,HINDALCO,HINDALCO,HINDALCO,HINDALCO,HINDALCO,HINDALCO,HINDALCO,HINDALCO,HINDALCO,HINDALCO,HINDALCO,HINDALCO,HINDALCO,HINDALCO,HINDALCO,HINDALCO,HINDALCO,HINDALCO,HINDALCO,HINDUNILVR,HINDUNILVR,HINDUNILVR,HINDUNILVR
UNITECH,UNITECH,LT,LT,LT,LT,LT,LT,LT,LT,LT,LT,M&M,M&M,LT,LT,LT,LT,LT,LT,LT,ITC,ITC,ITC,ITC,ITC,ITC,JPASSOCIAT,JPASSOCIAT,JPASSOCIAT,JPASSOCIAT,JPASSOCIAT,JPASSOCIAT,JPASSOCIAT,JPASSOCIAT,JPASSOCIAT,JPASSOCIAT,JPASSOCIAT,IDFC,IDFC,ITC,ITC,ITC,ITC,ITC,INFY,INFY,INFY,INFY,ITC,INFY,ICICIBANK,ICICIBANK,ICICIBANK,ICICIBANK,ICICIBANK,ICICIBANK,ICICIBANK,ITC,ICICIBANK,ICICIBANK,ICICIBANK,ITC,ICICIBANK,ITC,ICICIBANK,ICICIBANK,ICICIBANK,ICICIBANK,ICICIBANK,ICICIBANK,ICICIBANK,ICICIBANK,ICICIBANK,ICICIBANK,ICICIBANK,ICICIBANK,ICICIBANK,ICICIBANK,ICICIBANK,ICICIBANK,ICICIBANK,ICICIBANK,ICICIBANK,ICICIBANK,ICICIBANK,IDEA,SUNPHARMA,ICICIBANK,ICICIBANK,ICICIBANK,ICICIBANK,HINDUNILVR,HDFC,HDFC,HDFC,HDFC,HDFC,HDFC,HINDALCO,HINDALCO,HINDALCO,HINDALCO,HINDALCO,HINDALCO,HINDALCO,HINDALCO,HINDALCO,HDFC,HINDALCO,HINDUNILVR,HINDUNILVR,HDFC,HDFC,HDFC,HDFC,HDFC,HDFC,HDFC,HDFC,HDFC,HDFC,HDFC,ITC,ITC,ITC,ICICIBANK,ITC,ITC,ITC,ITC,ITC,ITC,ITC,ITC,ICICIBANK,ICICIBANK,ICICIBANK,ICICIBANK,ICICIBANK,ICICIBANK,ICICIBANK,ICICIBANK,ICICIBANK,ICICIBANK,ICICIBANK,ICICIBANK,ICICIBANK,ICICIBANK,ICICIBANK,HDFC,HDFC,HDFC,HDFC,HDFC,HDFC,HDFC,HDFC,ICICIBANK,ICICIBANK,ICICIBANK,ICICIBANK,ICICIBANK,ICICIBANK,ICICIBANK,ICICIBANK,ICICIBANK,ICICIBANK,ICICIBANK,ICICIBANK,HDFC,HDFC,HDFC,HDFC,HDFC,HDFC,HINDUNILVR,HINDUNILVR,HINDUNILVR,HINDUNILVR,HINDUNILVR,HINDUNILVR,HINDUNILVR,HINDUNILVR,HINDUNILVR,HINDUNILVR,HINDUNILVR,HINDUNILVR,HINDUNILVR,HINDUNILVR,HINDUNILVR,HINDUNILVR,HINDUNILVR,HINDUNILVR,HINDUNILVR,HINDUNILVR,HINDUNILVR,HINDUNILVR,HINDUNILVR,HINDUNILVR,HINDUNILVR,HINDUNILVR,HINDUNILVR,HINDUNILVR,HINDUNILVR,HINDUNILVR,ICICIBANK,ICICIBANK,ICICIBANK,ICICIBANK
ITC,ITC,M&M,M&M,M&M,M&M,M&M,M&M,M&M,M&M,M&M,M&M,MARUTI,MARUTI,M&M,M&M,M&M,M&M,M&M,M&M,M&M,JINDALSTEL,JINDALSTEL,JINDALSTEL,JINDALSTEL,JINDALSTEL,JINDALSTEL,JINDALSTEL,JINDALSTEL,JINDALSTEL,JINDALSTEL,JINDALSTEL,JINDALSTEL,JINDALSTEL,JINDALSTEL,JINDALSTEL,JINDALSTEL,JINDALSTEL,JPASSOCIAT,JPASSOCIAT,JINDALSTEL,JINDALSTEL,JINDALSTEL,JINDALSTEL,JINDALSTEL,IDFC,ITC,ITC,ITC,JINDALSTEL,IDFC,IDFC,IDFC,IDFC,IDFC,IDFC,IDFC,IDFC,ICICIBANK,IDFC,IDFC,IDFC,ICICIBANK,IDFC,ICICIBANK,IDFC,IDFC,IDFC,IDFC,IDFC,IDFC,IDFC,IDFC,IDFC,IDFC,IDFC,IDFC,IDFC,IDFC,IDFC,IDFC,IDFC,IDFC,IDFC,IDFC,IDFC,IDFC,TATAMOTORS,IDEA,IDEA,IDEA,IDEA,ICICIBANK,ITC,ITC,ITC,ITC,ITC,ITC,HINDUNILVR,HINDUNILVR,HINDUNILVR,HINDUNILVR,HINDUNILVR,HINDUNILVR,HINDUNILVR,HINDUNILVR,HINDUNILVR,ITC,HINDUNILVR,HDFC,HDFC,ITC,ITC,ITC,ITC,ITC,ITC,ITC,ITC,ITC,ITC,ITC,ICICIBANK,ICICIBANK,ICICIBANK,INDUSINDBK,ICICIBANK,ICICIBANK,ICICIBANK,ICICIBANK,ICICIBANK,ICICIBANK,ICICIBANK,ICICIBANK,ITC,ITC,ITC,ITC,ITC,ITC,ITC,ITC,ITC,ITC,ITC,ITC,ITC,ITC,ITC,ICICIBANK,ICICIBANK,ICICIBANK,ICICIBANK,ICICIBANK,ICICIBANK,ICICIBANK,ICICIBANK,ITC,ITC,ITC,ITC,ITC,ITC,ITC,ITC,ITC,ITC,ITC,ITC,ICICIBANK,ICICIBANK,ICICIBANK,ICICIBANK,ICICIBANK,ICICIBANK,HDFC,HDFC,HDFC,HDFC,HDFC,HDFC,HDFC,HDFC,HDFC,HDFC,ICICIBANK,ICICIBANK,ICICIBANK,ICICIBANK,ICICIBANK,ICICIBANK,ICICIBANK,ICICIBANK,ICICIBANK,ICICIBANK,ICICIBANK,ICICIBANK,ICICIBANK,ICICIBANK,ICICIBANK,ICICIBANK,ICICIBANK,ICICIBANK,ICICIBANK,ICICIBANK,ITC,ITC,ITC,ITC
RPL,RPL,MARUTI,MARUTI,MARUTI,MARUTI,MARUTI,MARUTI,MARUTI,MARUTI,MARUTI,MARUTI,NATIONALUM,NATIONALUM,MARUTI,MARUTI,MARUTI,MARUTI,MARUTI,MARUTI,MARUTI,JPASSOCIAT,JPASSOCIAT,JPASSOCIAT,JPASSOCIAT,JPASSOCIAT,JPASSOCIAT,KOTAKBANK,KOTAKBANK,KOTAKBANK,KOTAKBANK,KOTAKBANK,KOTAKBANK,KOTAKBANK,KOTAKBANK,KOTAKBANK,KOTAKBANK,KOTAKBANK,JINDALSTEL,JINDALSTEL,JPASSOCIAT,JPASSOCIAT,JPASSOCIAT,JPASSOCIAT,JPASSOCIAT,JPASSOCIAT,JINDALSTEL,JINDALSTEL,JINDALSTEL,JPASSOCIAT,JPASSOCIAT,INFY,INFY,INFY,INFY,INFY,INFY,INFY,IDFC,INFY,INFY,INFY,IDFC,INDUSINDBK,IDFC,INDUSINDBK,INDUSINDBK,INDUSINDBK,INDUSINDBK,INDUSINDBK,INDUSINDBK,INDUSINDBK,INDUSINDBK,INDUSINDBK,INDUSINDBK,INDUSINDBK,INDUSINDBK,INDUSINDBK,INDUSINDBK,INDUSINDBK,INDUSINDBK,INDUSINDBK,INDUSINDBK,INDUSINDBK,INDUSINDBK,INDUSINDBK,INDUSINDBK,TATASTEEL,INDUSINDBK,INDUSINDBK,INDUSINDBK,INDUSINDBK,IDEA,ICICIBANK,ICICIBANK,ICICIBANK,ICICIBANK,ICICIBANK,ICICIBANK,HDFC,HDFC,HDFC,HDFC,HDFC,HDFC,HDFC,HDFC,HDFC,ICICIBANK,HDFC,ITC,ITC,ICICIBANK,ICICIBANK,ICICIBANK,ICICIBANK,ICICIBANK,ICICIBANK,ICICIBANK,ICICIBANK,ICICIBANK,ICICIBANK,ICICIBANK,SAMMAANCAP,SAMMAANCAP,SAMMAANCAP,INDUSTOWER,SAMMAANCAP,SAMMAANCAP,SAMMAANCAP,SAMMAANCAP,SAMMAANCAP,SAMMAANCAP,SAMMAANCAP,SAMMAANCAP,SAMMAANCAP,SAMMAANCAP,SAMMAANCAP,SAMMAANCAP,SAMMAANCAP,IOC,IOC,IOC,IOC,IOC,IOC,IOC,IOC,IOC,IOC,ITC,ITC,ITC,ITC,ITC,ITC,ITC,ITC,IOC,IOC,IOC,IOC,IOC,IOC,IOC,IOC,IOC,IOC,IOC,IOC,ITC,ITC,ITC,ITC,ITC,ITC,ICICIBANK,ICICIBANK,ICICIBANK,ICICIBANK,ICICIBANK,ICICIBANK,ICICIBANK,ICICIBANK,ICICIBANK,ICICIBANK,ITC,ITC,ITC,ITC,ITC,ITC,ITC,ITC,ITC,ITC,ITC,ITC,ITC,ITC,ITC,ITC,ITC,ITC,ITC,ITC,INDUSINDBK,INDUSINDBK,INDUSINDBK,INDUSINDBK
LT,LT,NATIONALUM,NATIONALUM,NATIONALUM,NATIONALUM,NATIONALUM,NATIONALUM,NATIONALUM,NATIONALUM,NATIONALUM,NATIONALUM,NTPC,NTPC,NATIONALUM,NATIONALUM,NATIONALUM,NATIONALUM,NATIONALUM,NATIONALUM,NATIONALUM,LT,LT,LT,LT,LT,LT,LT,LT,LT,LT,LT,LT,LT,LT,LT,LT,LT,KOTAKBANK,KOTAKBANK,KOTAKBANK,KOTAKBANK,KOTAKBANK,KOTAKBANK,KOTAKBANK,JINDALSTEL,JPASSOCIAT,JPASSOCIAT,JPASSOCIAT,KOTAKBANK,JINDALSTEL,ITC,ITC,ITC,ITC,ITC,ITC,ITC,INFY,ITC,ITC,ITC,INFY,INFY,INDUSINDBK,INFY,INFY,INFY,INFY,INFY,INFY,INFY,INFY,INFY,INFY,INFY,INFY,INFY,INFY,INFY,INFY,INFY,INFY,INFY,INFY,INFY,INFY,TATAPOWER,INFY,INFY,INFY,INFY,INDUSINDBK,IDEA,IDEA,IDEA,IDEA,IDEA,IDEA,ITC,ITC,ITC,ITC,ITC,ITC,ITC,ITC,ITC,SAMMAANCAP,ITC,ICICIBANK,ICICIBANK,SAMMAANCAP,SAMMAANCAP,SAMMAANCAP,SAMMAANCAP,SAMMAANCAP,SAMMAANCAP,SAMMAANCAP,SAMMAANCAP,SAMMAANCAP,SAMMAANCAP,SAMMAANCAP,IOC,IOC,IOC,INFY,IOC,IOC,IOC,IOC,IOC,IOC,IOC,IOC,IOC,IOC,IOC,IOC,IOC,INDUSINDBK,INDUSINDBK,INDUSINDBK,INDUSINDBK,INDUSINDBK,INDUSINDBK,INDUSINDBK,INDUSINDBK,INDUSINDBK,INDUSINDBK,IOC,IOC,IOC,IOC,IOC,IOC,IOC,IOC,INDUSINDBK,INDUSINDBK,INDUSINDBK,INDUSINDBK,INDUSINDBK,INDUSINDBK,INDUSINDBK,INDUSINDBK,INDUSINDBK,INDUSINDBK,INDUSINDBK,INDUSINDBK,INDUSINDBK,INDUSINDBK,INDUSINDBK,INDUSINDBK,INDUSINDBK,INDUSINDBK,ITC,ITC,ITC,ITC,ITC,ITC,ITC,ITC,ITC,ITC,INDUSINDBK,INDUSINDBK,INDUSINDBK,INDUSINDBK,INDUSINDBK,INDUSINDBK,INDUSINDBK,INDUSINDBK,INDUSINDBK,INDUSINDBK,INDUSINDBK,INDUSINDBK,INDUSINDBK,INDUSINDBK,INDUSINDBK,INDUSINDBK,INDUSINDBK,INDUSINDBK,INDUSINDBK,INDUSINDBK,INFY,INFY,INFY,INFY
MARUTI,MARUTI,NTPC,NTPC,NTPC,NTPC,NTPC,NTPC,NTPC,NTPC,NTPC,NTPC,ONGC,ONGC,NTPC,NTPC,NTPC,NTPC,NTPC,NTPC,NTPC,M&M,M&M,M&M,M&M,M&M,M&M,M&M,M&M,M&M,M&M,M&M,M&M,M&M,M&M,M&M,M&M,M&M,LT,LT,LT,LT,LT,LT,LT,KOTAKBANK,KOTAKBANK,KOTAKBANK,KOTAKBANK,LT,KOTAKBANK,JINDALSTEL,JINDALSTEL,JINDALSTEL,JINDALSTEL,JINDALSTEL,JINDALSTEL,JINDALSTEL,JPASSOCIAT,JINDALSTEL,JINDALSTEL,JINDALSTEL,JPASSOCIAT,ITC,INFY,ITC,ITC,ITC,ITC,ITC,ITC,ITC,ITC,ITC,ITC,ITC,ITC,ITC,ITC,ITC,ITC,ITC,ITC,ITC,ITC,ITC,ITC,WIPRO,ITC,ITC,ITC,ITC,INFY,INDUSINDBK,INDUSINDBK,INDUSINDBK,INDUSINDBK,INDUSINDBK,INDUSINDBK,ICICIBANK,ICICIBANK,ICICIBANK,ICICIBANK,ICICIBANK,ICICIBANK,ICICIBANK,ICICIBANK,ICICIBANK,IOC,ICICIBANK,SAMMAANCAP,SAMMAANCAP,IOC,IOC,IOC,IOC,IOC,IOC,IOC,IOC,IOC,IOC,IOC,INDUSINDBK,INDUSINDBK,INDUSINDBK,IOC,INDUSINDBK,INDUSINDBK,INDUSINDBK,INDUSINDBK,INDUSINDBK,INDUSINDBK,INDUSINDBK,INDUSINDBK,INDUSINDBK,INDUSINDBK,INDUSINDBK,INDUSINDBK,INDUSINDBK,INFY,INFY,INFY,INFY,INFY,INFY,INFY,INFY,INFY,INFY,INDUSINDBK,INDUSINDBK,INDUSINDBK,INDUSINDBK,INDUSINDBK,INDUSINDBK,INDUSINDBK,INDUSINDBK,INFY,INFY,INFY,INFY,INFY,INFY,INFY,INFY,INFY,INFY,INFY,INFY,INFY,INFY,INFY,INFY,INFY,INFY,INDUSINDBK,INDUSINDBK,INDUSINDBK,INDUSINDBK,INDUSINDBK,INDUSINDBK,INDUSINDBK,INDUSINDBK,INDUSINDBK,INDUSINDBK,INFY,INFY,INFY,INFY,INFY,INFY,INFY,INFY,INFY,INFY,INFY,INFY,INFY,INFY,INFY,INFY,INFY,INFY,INFY,INFY,JSWSTEEL,JSWSTEEL,JSWSTEEL,JSWSTEEL
M&M,M&M,ONGC,ONGC,ONGC,ONGC,ONGC,ONGC,ONGC,ONGC,ONGC,ONGC,PNB,PNB,ONGC,ONGC,ONGC,ONGC,ONGC,ONGC,ONGC,MARUTI,MARUTI,MARUTI,MARUTI,MARUTI,MARUTI,MARUTI,MARUTI,MARUTI,MARUTI,MARUTI,MARUTI,MARUTI,MARUTI,MARUTI,MARUTI,MARUTI,M&M,M&M,M&M,M&M,M&M,M&M,M&M,LT,LT,LT,LT,M&M,LT,JPASSOCIAT,JPASSOCIAT,JPASSOCIAT,JPASSOCIAT,JPASSOCIAT,JPASSOCIAT,JPASSOCIAT,JINDALSTEL,JPASSOCIAT,JPASSOCIAT,JPASSOCIAT,JINDALSTEL,JINDALSTEL,JPASSOCIAT,JINDALSTEL,JINDALSTEL,JINDALSTEL,JINDALSTEL,JINDALSTEL,JINDALSTEL,JINDALSTEL,JINDALSTEL,JINDALSTEL,JINDALSTEL,JINDALSTEL,JINDALSTEL,JINDALSTEL,JINDALSTEL,JINDALSTEL,JINDALSTEL,JINDALSTEL,JINDALSTEL,JINDALSTEL,JINDALSTEL,JINDALSTEL,KOTAKBANK,ZEEL,KOTAKBANK,KOTAKBANK,KOTAKBANK,KOTAKBANK,ITC,INFY,INFY,INFY,INFY,INFY,INFY,IDEA,IDEA,IDEA,IDEA,IDEA,IDEA,IDEA,IDEA,IDEA,INDUSINDBK,IDEA,IOC,IOC,INDUSINDBK,INDUSINDBK,INDUSINDBK,INDUSINDBK,INDUSINDBK,INDUSINDBK,INDUSINDBK,INDUSINDBK,INDUSINDBK,INDUSINDBK,INDUSINDBK,INFY,INFY,INFY,ITC,INFY,INFY,INFY,INFY,INFY,INFY,INFY,INFY,INFY,INFY,INFY,INFY,INFY,JSWSTEEL,JSWSTEEL,JSWSTEEL,JSWSTEEL,JSWSTEEL,JSWSTEEL,JSWSTEEL,JSWSTEEL,JSWSTEEL,JSWSTEEL,INFY,INFY,INFY,INFY,INFY,INFY,INFY,INFY,JSWSTEEL,JSWSTEEL,JSWSTEEL,JSWSTEEL,JSWSTEEL,JSWSTEEL,JSWSTEEL,JSWSTEEL,JSWSTEEL,JSWSTEEL,JSWSTEEL,JSWSTEEL,JSWSTEEL,JSWSTEEL,JSWSTEEL,JSWSTEEL,JSWSTEEL,JSWSTEEL,INFY,INFY,INFY,INFY,INFY,INFY,INFY,INFY,INFY,INFY,JSWSTEEL,JSWSTEEL,JSWSTEEL,JSWSTEEL,JSWSTEEL,JSWSTEEL,JSWSTEEL,JSWSTEEL,JSWSTEEL,JSWSTEEL,JSWSTEEL,JSWSTEEL,JSWSTEEL,JSWSTEEL,JSWSTEEL,JSWSTEEL,JSWSTEEL,JSWSTEEL,JSWSTEEL,JSWSTEEL,JIOFIN,JIOFIN,JIOFIN,JIOFIN
IDEA,IDEA,PNB,PNB,PNB,PNB,PNB,PNB,PNB,PNB,PNB,PNB,POWERGRID,POWERGRID,PNB,PNB,PNB,PNB,PNB,PNB,PNB,NTPC,NTPC,NTPC,NTPC,NTPC,NTPC,NTPC,NTPC,NTPC,NTPC,NTPC,NTPC,NTPC,NTPC,NTPC,NTPC,NTPC,MARUTI,MARUTI,MARUTI,MARUTI,MARUTI,MARUTI,MARUTI,M&M,M&M,M&M,M&M,MARUTI,M&M,KOTAKBANK,KOTAKBANK,KOTAKBANK,KOTAKBANK,KOTAKBANK,KOTAKBANK,KOTAKBANK,KOTAKBANK,KOTAKBANK,KOTAKBANK,KOTAKBANK,KOTAKBANK,JPASSOCIAT,JINDALSTEL,JPASSOCIAT,JPASSOCIAT,JPASSOCIAT,JPASSOCIAT,JPASSOCIAT,JPASSOCIAT,JPASSOCIAT,JPASSOCIAT,JPASSOCIAT,KOTAKBANK,KOTAKBANK,KOTAKBANK,KOTAKBANK,KOTAKBANK,KOTAKBANK,KOTAKBANK,KOTAKBANK,KOTAKBANK,KOTAKBANK,KOTAKBANK,KOTAKBANK,LT,ICICIBANK,LT,LT,LT,LT,KOTAKBANK,KOTAKBANK,KOTAKBANK,KOTAKBANK,KOTAKBANK,KOTAKBANK,KOTAKBANK,INDUSINDBK,INDUSINDBK,INDUSINDBK,INDUSINDBK,INDUSINDBK,INDUSINDBK,INDUSINDBK,INDUSINDBK,INDUSINDBK,INFY,INDUSINDBK,INDUSINDBK,INDUSINDBK,INFY,INFY,INFY,INFY,INFY,INFY,INFY,INFY,INFY,INFY,INFY,KOTAKBANK,KOTAKBANK,KOTAKBANK,KOTAKBANK,KOTAKBANK,JSWSTEEL,JSWSTEEL,JSWSTEEL,JSWSTEEL,JSWSTEEL,JSWSTEEL,JSWSTEEL,JSWSTEEL,JSWSTEEL,JSWSTEEL,JSWSTEEL,JSWSTEEL,KOTAKBANK,KOTAKBANK,KOTAKBANK,KOTAKBANK,KOTAKBANK,KOTAKBANK,KOTAKBANK,KOTAKBANK,KOTAKBANK,KOTAKBANK,JSWSTEEL,JSWSTEEL,JSWSTEEL,JSWSTEEL,JSWSTEEL,JSWSTEEL,JSWSTEEL,JSWSTEEL,KOTAKBANK,KOTAKBANK,KOTAKBANK,KOTAKBANK,KOTAKBANK,KOTAKBANK,KOTAKBANK,KOTAKBANK,KOTAKBANK,KOTAKBANK,KOTAKBANK,KOTAKBANK,KOTAKBANK,KOTAKBANK,KOTAKBANK,KOTAKBANK,KOTAKBANK,KOTAKBANK,JSWSTEEL,JSWSTEEL,JSWSTEEL,JSWSTEEL,JSWSTEEL,JSWSTEEL,JSWSTEEL,JSWSTEEL,JSWSTEEL,JSWSTEEL,KOTAKBANK,KOTAKBANK,KOTAKBANK,KOTAKBANK,KOTAKBANK,KOTAKBANK,KOTAKBANK,KOTAKBANK,KOTAKBANK,KOTAKBANK,KOTAKBANK,KOTAKBANK,KOTAKBANK,KOTAKBANK,KOTAKBANK,KOTAKBANK,KOTAKBANK,KOTAKBANK,KOTAKBANK,KOTAKBANK,KOTAKBANK,KOTAKBANK,KOTAKBANK,KOTAKBANK
NATIONALUM,NATIONALUM,POWERGRID,POWERGRID,POWERGRID,POWERGRID,POWERGRID,POWERGRID,POWERGRID,POWERGRID,POWERGRID,POWERGRID,RANBAXY,RANBAXY,POWERGRID,POWERGRID,POWERGRID,POWERGRID,POWERGRID,POWERGRID,POWERGRID,ONGC,ONGC,ONGC,ONGC,ONGC,ONGC,ONGC,ONGC,ONGC,ONGC,ONGC,ONGC,ONGC,ONGC,ONGC,ONGC,ONGC,NTPC,NTPC,NTPC,NTPC,NTPC,NTPC,NTPC,MARUTI,MARUTI,MARUTI,MARUTI,NTPC,MARUTI,LT,LT,LT,LT,LT,LT,LT,LT,LT,LT,LT,LT,KOTAKBANK,KOTAKBANK,KOTAKBANK,KOTAKBANK,KOTAKBANK,KOTAKBANK,KOTAKBANK,KOTAKBANK,KOTAKBANK,KOTAKBANK,KOTAKBANK,LT,LT,LT,LT,LT,LT,LT,LT,LT,LT,LT,LT,LUPIN,INDUSINDBK,LUPIN,LUPIN,LUPIN,LUPIN,LT,LT,LT,LT,LT,LT,LT,INFY,INFY,INFY,INFY,INFY,INFY,INFY,INFY,INFY,KOTAKBANK,INFY,INFY,INFY,KOTAKBANK,KOTAKBANK,KOTAKBANK,KOTAKBANK,KOTAKBANK,KOTAKBANK,KOTAKBANK,KOTAKBANK,KOTAKBANK,KOTAKBANK,KOTAKBANK,LT,LT,LT,LT,LT,KOTAKBANK,KOTAKBANK,KOTAKBANK,KOTAKBANK,KOTAKBANK,KOTAKBANK,KOTAKBANK,KOTAKBANK,KOTAKBANK,KOTAKBANK,KOTAKBANK,KOTAKBANK,LT,LT,LT,LT,LT,LT,LT,LT,LT,LT,KOTAKBANK,KOTAKBANK,KOTAKBANK,KOTAKBANK,KOTAKBANK,KOTAKBANK,KOTAKBANK,KOTAKBANK,LT,LT,LT,LT,LT,LT,LT,LT,LT,LT,LT,LT,LT,LT,LT,LT,LT,LT,KOTAKBANK,KOTAKBANK,KOTAKBANK,KOTAKBANK,KOTAKBANK,KOTAKBANK,KOTAKBANK,KOTAKBANK,KOTAKBANK,KOTAKBANK,LTIM,LTIM,LTIM,LTIM,LTIM,LTIM,LTIM,LTIM,LTIM,LTIM,LTIM,LTIM,LTIM,LTIM,LT,LT,LT,LT,LT,LT,LT,LT,LT,LT
ONGC,ONGC,RANBAXY,RANBAXY,RANBAXY,RANBAXY,RANBAXY,RANBAXY,RANBAXY,RANBAXY,RANBAXY,RANBAXY,RCOM,RCOM,RANBAXY,RANBAXY,RANBAXY,RANBAXY,RANBAXY,RANBAXY,RANBAXY,PNB,PNB,PNB,PNB,PNB,PNB,POWERGRID,POWERGRID,POWERGRID,POWERGRID,POWERGRID,POWERGRID,POWERGRID,POWERGRID,POWERGRID,POWERGRID,POWERGRID,ONGC,ONGC,ONGC,ONGC,ONGC,ONGC,ONGC,NTPC,NTPC,NTPC,NTPC,ONGC,NTPC,M&M,M&M,M&M,M&M,M&M,LUPIN,LUPIN,LUPIN,LUPIN,LUPIN,LUPIN,LUPIN,LT,LT,LT,LT,LT,LT,LT,LT,LT,LT,LT,LUPIN,LUPIN,LUPIN,LUPIN,LUPIN,LUPIN,LUPIN,LUPIN,LUPIN,LUPIN,LUPIN,LUPIN,M&M,BANKBARODA,M&M,M&M,M&M,M&M,LUPIN,LUPIN,LUPIN,LUPIN,LUPIN,LUPIN,LUPIN,KOTAKBANK,KOTAKBANK,KOTAKBANK,KOTAKBANK,KOTAKBANK,KOTAKBANK,KOTAKBANK,KOTAKBANK,KOTAKBANK,LT,KOTAKBANK,KOTAKBANK,KOTAKBANK,LT,LT,LT,LT,LT,LT,LT,LT,LT,LT,LT,LUPIN,LUPIN,LUPIN,LUPIN,LUPIN,LT,LT,LT,LT,LT,LT,LT,LT,LT,LT,LT,LT,M&M,M&M,M&M,M&M,M&M,M&M,M&M,M&M,M&M,M&M,LT,LT,LT,LT,LT,LT,LT,LT,M&M,M&M,M&M,M&M,M&M,M&M,M&M,M&M,M&M,M&M,M&M,M&M,M&M,M&M,M&M,M&M,M&M,M&M,LT,LT,LT,LT,LT,LT,LT,LT,LT,LT,LT,LT,LT,LT,LT,LT,LT,LT,LT,LT,LT,LT,LT,LT,M&M,M&M,M&M,M&M,M&M,M&M,M&M,M&M,M&M,M&M
STER,STER,RCOM,RCOM,RCOM,RCOM,RCOM,RCOM,RCOM,RCOM,RCOM,RCOM,RELCAPITAL,RELCAPITAL,RCOM,RCOM,RCOM,RCOM,RCOM,RCOM,RCOM,POWERGRID,POWERGRID,POWERGRID,POWERGRID,POWERGRID,POWERGRID,PNB,PNB,PNB,PNB,PNB,PNB,PNB,PNB,PNB,PNB,PNB,POWERGRID,POWERGRID,PNB,PNB,PNB,PNB,PNB,ONGC,ONGC,ONGC,ONGC,PNB,ONGC,MARUTI,MARUTI,MARUTI,MARUTI,MARUTI,M&M,M&M,M&M,M&M,M&M,M&M,M&M,LUPIN,LUPIN,LUPIN,LUPIN,LUPIN,LUPIN,LUPIN,LUPIN,LUPIN,LUPIN,LUPIN,M&M,M&M,M&M,M&M,M&M,M&M,M&M,M&M,M&M,M&M,M&M,M&M,MARUTI,GAIL,MARUTI,MARUTI,MARUTI,MARUTI,M&M,M&M,M&M,M&M,M&M,M&M,M&M,LT,LT,LT,LT,LT,LT,LT,LT,LT,LUPIN,LT,LT,LT,LUPIN,LUPIN,LUPIN,LUPIN,LUPIN,LUPIN,LUPIN,LUPIN,LUPIN,LUPIN,LUPIN,M&M,M&M,M&M,M&M,M&M,M&M,M&M,M&M,M&M,M&M,M&M,M&M,M&M,M&M,M&M,M&M,M&M,MARUTI,MARUTI,MARUTI,MARUTI,MARUTI,MARUTI,MARUTI,MARUTI,MARUTI,MARUTI,M&M,M&M,M&M,M&M,M&M,M&M,M&M,M&M,MARUTI,MARUTI,MARUTI,MARUTI,MARUTI,MARUTI,MARUTI,MARUTI,MARUTI,MARUTI,MARUTI,MARUTI,MARUTI,MARUTI,MARUTI,MARUTI,MARUTI,MARUTI,M&M,M&M,M&M,M&M,M&M,M&M,M&M,M&M,M&M,M&M,M&M,M&M,M&M,M&M,M&M,M&M,M&M,M&M,M&M,M&M,M&M,M&M,M&M,M&M,MARUTI,MARUTI,MARUTI,MARUTI,MARUTI,MARUTI,MARUTI,MARUTI,MARUTI,MARUTI
PNB,PNB,REL,REL,RELINFRA,RELINFRA,RELINFRA,RELINFRA,RELINFRA,RELINFRA,RELINFRA,RELINFRA,RELIANCE,RELIANCE,RELCAPITAL,RELCAPITAL,RELCAPITAL,RELCAPITAL,RELCAPITAL,RELCAPITAL,RELCAPITAL,RANBAXY,RANBAXY,RANBAXY,RANBAXY,RANBAXY,RANBAXY,RANBAXY,RANBAXY,RANBAXY,RANBAXY,RANBAXY,RANBAXY,RANBAXY,RANBAXY,RANBAXY,RANBAXY,RANBAXY,PNB,PNB,POWERGRID,POWERGRID,POWERGRID,POWERGRID,POWERGRID,POWERGRID,PNB,PNB,PNB,POWERGRID,POWERGRID,NTPC,NTPC,NTPC,NTPC,NTPC,MARUTI,MARUTI,MARUTI,MARUTI,MARUTI,MARUTI,MARUTI,M&M,M&M,M&M,M&M,M&M,M&M,M&M,M&M,M&M,M&M,M&M,MARUTI,MARUTI,MARUTI,MARUTI,MARUTI,MARUTI,MARUTI,MARUTI,MARUTI,MARUTI,MARUTI,MARUTI,NMDC,AXISBANK,NMDC,NMDC,NMDC,NMDC,MARUTI,MARUTI,MARUTI,MARUTI,MARUTI,MARUTI,MARUTI,LUPIN,LUPIN,LUPIN,LUPIN,LUPIN,LUPIN,LUPIN,LUPIN,LUPIN,M&M,LUPIN,LUPIN,LUPIN,M&M,M&M,M&M,M&M,M&M,M&M,M&M,M&M,M&M,M&M,M&M,MARUTI,MARUTI,MARUTI,MARUTI,MARUTI,MARUTI,MARUTI,MARUTI,MARUTI,MARUTI,MARUTI,MARUTI,MARUTI,MARUTI,MARUTI,MARUTI,MARUTI,NTPC,NTPC,NTPC,NTPC,NTPC,NTPC,NTPC,NTPC,NTPC,NTPC,MARUTI,MARUTI,MARUTI,MARUTI,MARUTI,MARUTI,MARUTI,MARUTI,NTPC,NTPC,NTPC,NTPC,NTPC,NTPC,NTPC,NTPC,NTPC,NTPC,NTPC,NTPC,NTPC,NTPC,NTPC,NTPC,NTPC,NTPC,MARUTI,MARUTI,MARUTI,MARUTI,MARUTI,MARUTI,MARUTI,MARUTI,MARUTI,MARUTI,MARUTI,MARUTI,MARUTI,MARUTI,MARUTI,MARUTI,MARUTI,MARUTI,MARUTI,MARUTI,MARUTI,MARUTI,MARUTI,MARUTI,NTPC,NTPC,NTPC,NTPC,NTPC,NTPC,NTPC,NTPC,NTPC,NTPC
RANBAXY,RANBAXY,RELIANCE,RELIANCE,RELIANCE,RELIANCE,RELIANCE,RELIANCE,RELIANCE,RELIANCE,RELIANCE,RELIANCE,RELINFRA,RELINFRA,RELIANCE,RELIANCE,RELIANCE,RELIANCE,RELIANCE,RELIANCE,RELIANCE,RCOM,RCOM,RCOM,RCOM,RCOM,RCOM,RELCAPITAL,RELCAPITAL,RELCAPITAL,RELCAPITAL,RELCAPITAL,RELCAPITAL,RELCAPITAL,RELCAPITAL,RELCAPITAL,RELCAPITAL,RELCAPITAL,RANBAXY,RANBAXY,RANBAXY,RANBAXY,RANBAXY,RANBAXY,RANBAXY,PNB,POWERGRID,POWERGRID,POWERGRID,RANBAXY,PNB,ONGC,ONGC,ONGC,ONGC,ONGC,NTPC,NTPC,NTPC,NTPC,NTPC,NTPC,NTPC,MARUTI,MARUTI,MARUTI,MARUTI,MARUTI,MARUTI,MARUTI,MARUTI,MARUTI,MARUTI,MARUTI,UNITDSPR,UNITDSPR,UNITDSPR,UNITDSPR,UNITDSPR,UNITDSPR,UNITDSPR,NMDC,NMDC,NMDC,NMDC,NMDC,NTPC,HCLTECH,NTPC,NTPC,NTPC,NTPC,NTPC,NTPC,NTPC,NTPC,NTPC,NTPC,NTPC,M&M,M&M,M&M,M&M,M&M,M&M,M&M,M&M,M&M,MARUTI,M&M,M&M,M&M,MARUTI,MARUTI,MARUTI,MARUTI,MARUTI,MARUTI,MARUTI,MARUTI,MARUTI,MARUTI,MARUTI,NTPC,NTPC,NTPC,NTPC,NTPC,NTPC,NTPC,NTPC,NTPC,NTPC,NTPC,NTPC,NTPC,NTPC,NTPC,NTPC,NTPC,NESTLEIND,NESTLEIND,NESTLEIND,NESTLEIND,NESTLEIND,NESTLEIND,NESTLEIND,NESTLEIND,NESTLEIND,NESTLEIND,NTPC,NTPC,NTPC,NTPC,NTPC,NTPC,NTPC,NTPC,NESTLEIND,NESTLEIND,NESTLEIND,NESTLEIND,NESTLEIND,NESTLEIND,NESTLEIND,NESTLEIND,NESTLEIND,NESTLEIND,NESTLEIND,NESTLEIND,NESTLEIND,NESTLEIND,NESTLEIND,NESTLEIND,NESTLEIND,NESTLEIND,NTPC,NTPC,NTPC,NTPC,NTPC,NTPC,NTPC,NTPC,NTPC,NTPC,NTPC,NTPC,NTPC,NTPC,NTPC,NTPC,NTPC,NTPC,NTPC,NTPC,NTPC,NTPC,NTPC,NTPC,NESTLEIND,NESTLEIND,NESTLEIND,NESTLEIND,NESTLEIND,NESTLEIND,NESTLEIND,NESTLEIND,NESTLEIND,NESTLEIND
REL,REL,RPL,RPL,RPL,RPL,RPL,RPL,RPL,RPL,RPL,RPL,RPL,RPL,RELINFRA,RELINFRA,RELINFRA,RELINFRA,RELINFRA,RELINFRA,RELINFRA,RELCAPITAL,RELCAPITAL,RELCAPITAL,RELCAPITAL,RELCAPITAL,RELCAPITAL,RCOM,RCOM,RCOM,RCOM,RCOM,RCOM,RCOM,RCOM,RCOM,RCOM,RCOM,RELCAPITAL,RELCAPITAL,RCOM,RCOM,RCOM,RCOM,RCOM,RANBAXY,RANBAXY,RANBAXY,RANBAXY,RCOM,RANBAXY,PNB,PNB,PNB,PNB,PNB,ONGC,ONGC,ONGC,ONGC,ONGC,ONGC,ONGC,NMDC,NMDC,NMDC,NMDC,NMDC,NMDC,NMDC,NMDC,NMDC,NMDC,NMDC,NMDC,NMDC,NMDC,NMDC,NMDC,NMDC,NMDC,NTPC,NTPC,NTPC,NTPC,NTPC,ONGC,LUPIN,ONGC,ONGC,ONGC,ONGC,ONGC,ONGC,ONGC,ONGC,ONGC,ONGC,ONGC,MARUTI,MARUTI,MARUTI,MARUTI,MARUTI,MARUTI,MARUTI,MARUTI,MARUTI,NTPC,MARUTI,MARUTI,MARUTI,NTPC,NTPC,NTPC,NTPC,NTPC,NTPC,NTPC,NTPC,NTPC,NTPC,NTPC,ONGC,ONGC,ONGC,ONGC,ONGC,ONGC,ONGC,ONGC,ONGC,ONGC,ONGC,ONGC,ONGC,ONGC,ONGC,ONGC,ONGC,ONGC,ONGC,ONGC,ONGC,ONGC,ONGC,ONGC,ONGC,ONGC,ONGC,NESTLEIND,NESTLEIND,NESTLEIND,NESTLEIND,NESTLEIND,NESTLEIND,NESTLEIND,NESTLEIND,ONGC,ONGC,ONGC,ONGC,ONGC,ONGC,ONGC,ONGC,ONGC,ONGC,ONGC,ONGC,ONGC,ONGC,ONGC,ONGC,ONGC,ONGC,NESTLEIND,NESTLEIND,NESTLEIND,NESTLEIND,NESTLEIND,NESTLEIND,NESTLEIND,NESTLEIND,NESTLEIND,NESTLEIND,NESTLEIND,NESTLEIND,NESTLEIND,NESTLEIND,NESTLEIND,NESTLEIND,NESTLEIND,NESTLEIND,NESTLEIND,NESTLEIND,NESTLEIND,NESTLEIND,NESTLEIND,NESTLEIND,ONGC,ONGC,ONGC,ONGC,ONGC,ONGC,ONGC,ONGC,ONGC,ONGC
RELIANCE,RELIANCE,SAIL,SAIL,SAIL,SAIL,SAIL,SAIL,SAIL,SAIL,SAIL,SAIL,RPOWER,RPOWER,RPL,RPL,RPL,JINDALSTEL,JINDALSTEL,JINDALSTEL,JINDALSTEL,RELIANCE,RELIANCE,RELIANCE,RELIANCE,RELIANCE,RELIANCE,RELIANCE,RELIANCE,RELIANCE,RELIANCE,RELIANCE,RELIANCE,RELIANCE,RELIANCE,RELIANCE,RELIANCE,RELIANCE,RCOM,RCOM,RELCAPITAL,RELCAPITAL,RELCAPITAL,RELCAPITAL,RELCAPITAL,RCOM,RCOM,RCOM,RCOM,COALINDIA,RCOM,POWERGRID,POWERGRID,POWERGRID,POWERGRID,POWERGRID,PNB,PNB,POWERGRID,PNB,PNB,PNB,POWERGRID,NTPC,NTPC,NTPC,NTPC,NTPC,NTPC,NTPC,NTPC,NTPC,NTPC,NTPC,NTPC,NTPC,NTPC,NTPC,NTPC,NTPC,NTPC,ONGC,ONGC,ONGC,ONGC,ONGC,PNB,BHARTIARTL,PNB,PNB,PNB,PNB,PNB,POWERGRID,POWERGRID,POWERGRID,POWERGRID,POWERGRID,POWERGRID,NTPC,NTPC,NTPC,NTPC,NTPC,NTPC,NTPC,NTPC,NTPC,ONGC,NTPC,NTPC,NTPC,ONGC,ONGC,ONGC,ONGC,ONGC,ONGC,ONGC,ONGC,ONGC,ONGC,ONGC,POWERGRID,POWERGRID,POWERGRID,POWERGRID,POWERGRID,POWERGRID,POWERGRID,POWERGRID,POWERGRID,POWERGRID,POWERGRID,POWERGRID,POWERGRID,POWERGRID,POWERGRID,POWERGRID,POWERGRID,POWERGRID,POWERGRID,POWERGRID,POWERGRID,POWERGRID,POWERGRID,POWERGRID,POWERGRID,POWERGRID,POWERGRID,ONGC,ONGC,ONGC,ONGC,ONGC,ONGC,ONGC,ONGC,POWERGRID,POWERGRID,POWERGRID,POWERGRID,POWERGRID,POWERGRID,POWERGRID,POWERGRID,POWERGRID,POWERGRID,POWERGRID,POWERGRID,POWERGRID,POWERGRID,POWERGRID,POWERGRID,POWERGRID,POWERGRID,ONGC,ONGC,ONGC,ONGC,ONGC,ONGC,ONGC,ONGC,ONGC,ONGC,ONGC,ONGC,ONGC,ONGC,ONGC,ONGC,ONGC,ONGC,ONGC,ONGC,ONGC,ONGC,ONGC,ONGC,POWERGRID,POWERGRID,POWERGRID,POWERGRID,POWERGRID,POWERGRID,POWERGRID,POWERGRID,POWERGRID,POWERGRID
SAIL,SAIL,SATYAMCOMP,SATYAMCOMP,SATYAMCOMP,SATYAMCOMP,SATYAMCOMP,SATYAMCOMP,SATYAMCOMP,SATYAMCOMP,SATYAMCOMP,SATYAMCOMP,SAIL,SAIL,RPOWER,RPOWER,RPOWER,RPOWER,RPOWER,RPOWER,RPOWER,RELINFRA,RELINFRA,RELINFRA,RELINFRA,RELINFRA,RELINFRA,RELINFRA,RELINFRA,RELINFRA,RELINFRA,RELINFRA,RELINFRA,RELINFRA,RELINFRA,RELINFRA,RELINFRA,RELINFRA,RELIANCE,RELIANCE,RELIANCE,RELIANCE,RELIANCE,RELIANCE,RELIANCE,RELIANCE,RELIANCE,RELIANCE,RELIANCE,RELIANCE,RELIANCE,RANBAXY,RANBAXY,RANBAXY,RANBAXY,RANBAXY,POWERGRID,POWERGRID,PNB,POWERGRID,POWERGRID,POWERGRID,PNB,ONGC,ONGC,ONGC,ONGC,ONGC,ONGC,ONGC,ONGC,ONGC,ONGC,ONGC,ONGC,ONGC,ONGC,ONGC,ONGC,ONGC,ONGC,PNB,PNB,PNB,PNB,PNB,POWERGRID,PNB,POWERGRID,POWERGRID,POWERGRID,POWERGRID,POWERGRID,PNB,PNB,PNB,PNB,PNB,PNB,ONGC,ONGC,ONGC,ONGC,ONGC,ONGC,ONGC,ONGC,ONGC,POWERGRID,ONGC,ONGC,ONGC,POWERGRID,POWERGRID,POWERGRID,POWERGRID,POWERGRID,POWERGRID,POWERGRID,POWERGRID,POWERGRID,POWERGRID,POWERGRID,RELIANCE,RELIANCE,RELIANCE,RELIANCE,RELIANCE,RELIANCE,RELIANCE,RELIANCE,RELIANCE,RELIANCE,RELIANCE,RELIANCE,RELIANCE,RELIANCE,RELIANCE,RELIANCE,RELIANCE,RELIANCE,RELIANCE,RELIANCE,RELIANCE,RELIANCE,RELIANCE,RELIANCE,RELIANCE,RELIANCE,RELIANCE,POWERGRID,POWERGRID,POWERGRID,POWERGRID,POWERGRID,POWERGRID,POWERGRID,POWERGRID,RELIANCE,RELIANCE,RELIANCE,RELIANCE,RELIANCE,RELIANCE,RELIANCE,RELIANCE,RELIANCE,RELIANCE,RELIANCE,RELIANCE,RELIANCE,RELIANCE,RELIANCE,RELIANCE,RELIANCE,RELIANCE,POWERGRID,POWERGRID,POWERGRID,POWERGRID,POWERGRID,POWERGRID,POWERGRID,POWERGRID,POWERGRID,POWERGRID,POWERGRID,POWERGRID,POWERGRID,POWERGRID,POWERGRID,POWERGRID,POWERGRID,POWERGRID,POWERGRID,POWERGRID,POWERGRID,POWERGRID,POWERGRID,POWERGRID,RELIANCE,RELIANCE,RELIANCE,RELIANCE,RELIANCE,RELIANCE,RELIANCE,RELIANCE,RELIANCE,RELIANCE
SATYAMCOMP,SATYAMCOMP,SBIN,SBIN,SBIN,SBIN,SBIN,SBIN,SBIN,SBIN,SBIN,SBIN,SBIN,SBIN,SAIL,SAIL,SAIL,SAIL,SAIL,SAIL,SAIL,RPOWER,RPOWER,RPOWER,RPOWER,RPOWER,RPOWER,RPOWER,RPOWER,RPOWER,RPOWER,RPOWER,RPOWER,RPOWER,RPOWER,RPOWER,RPOWER,RPOWER,RELINFRA,RELINFRA,RELINFRA,RELINFRA,RELINFRA,RELINFRA,RELINFRA,RELINFRA,RELINFRA,RELINFRA,RELINFRA,RELINFRA,RELINFRA,RELIANCE,RELIANCE,RELIANCE,RELIANCE,RELIANCE,RANBAXY,RANBAXY,RANBAXY,RANBAXY,RANBAXY,RANBAXY,RANBAXY,PNB,POWERGRID,PNB,PNB,PNB,PNB,PNB,PNB,PNB,PNB,PNB,PNB,PNB,PNB,PNB,PNB,PNB,PNB,POWERGRID,POWERGRID,POWERGRID,POWERGRID,POWERGRID,RELIANCE,MARUTI,RELIANCE,RELIANCE,RELIANCE,RELIANCE,RELIANCE,RELIANCE,RELIANCE,RELIANCE,RELIANCE,RELIANCE,RELIANCE,POWERGRID,POWERGRID,POWERGRID,POWERGRID,POWERGRID,POWERGRID,POWERGRID,POWERGRID,POWERGRID,RELIANCE,POWERGRID,POWERGRID,POWERGRID,RELIANCE,RELIANCE,RELIANCE,RELIANCE,RELIANCE,RELIANCE,RELIANCE,RELIANCE,RELIANCE,RELIANCE,RELIANCE,SBIN,SBIN,SBIN,SBIN,SBIN,SBIN,SBIN,SBIN,SBIN,SBIN,SBIN,SBIN,SBIN,SBIN,SBIN,SBIN,SBIN,SBIN,SBIN,SBIN,SBIN,SBIN,SBIN,SHREECEM,SHREECEM,SHREECEM,SHREECEM,RELIANCE,RELIANCE,RELIANCE,RELIANCE,RELIANCE,RELIANCE,RELIANCE,RELIANCE,SBILIFE,SBILIFE,SBILIFE,SBILIFE,SBILIFE,SBILIFE,SBILIFE,SBILIFE,SBILIFE,SBILIFE,SBILIFE,SBILIFE,SBILIFE,SBILIFE,SBILIFE,SBILIFE,SBILIFE,SBILIFE,RELIANCE,RELIANCE,RELIANCE,RELIANCE,RELIANCE,RELIANCE,RELIANCE,RELIANCE,RELIANCE,RELIANCE,RELIANCE,RELIANCE,RELIANCE,RELIANCE,RELIANCE,RELIANCE,RELIANCE,RELIANCE,RELIANCE,RELIANCE,RELIANCE,RELIANCE,RELIANCE,RELIANCE,SBILIFE,SBILIFE,SBILIFE,SBILIFE,SBILIFE,SBILIFE,SBILIFE,SBILIFE,SBILIFE,SBILIFE
SBIN,SBIN,SIEMENS,SIEMENS,SIEMENS,SIEMENS,SIEMENS,SIEMENS,SIEMENS,SIEMENS,SIEMENS,SIEMENS,SIEMENS,SIEMENS,SBIN,SBIN,SBIN,SBIN,SBIN,SBIN,SBIN,SAIL,SAIL,SAIL,SAIL,SAIL,SAIL,SIEMENS,SIEMENS,SIEMENS,SIEMENS,SIEMENS,SIEMENS,SESAGOA,SESAGOA,SESAGOA,SESAGOA,SESAGOA,RPOWER,RPOWER,RPOWER,RPOWER,RPOWER,RPOWER,RPOWER,RPOWER,RPOWER,RPOWER,RPOWER,RPOWER,RPOWER,RELINFRA,RELINFRA,RELINFRA,RELINFRA,RELINFRA,RELIANCE,RELIANCE,RELIANCE,RELIANCE,RELIANCE,RELIANCE,RELIANCE,POWERGRID,PNB,POWERGRID,POWERGRID,POWERGRID,POWERGRID,POWERGRID,POWERGRID,POWERGRID,POWERGRID,POWERGRID,POWERGRID,POWERGRID,POWERGRID,POWERGRID,POWERGRID,POWERGRID,POWERGRID,RELIANCE,RELIANCE,RELIANCE,RELIANCE,RELIANCE,SBIN,LT,SBIN,SBIN,SBIN,SBIN,SBIN,SBIN,SBIN,SBIN,SBIN,SBIN,SBIN,RELIANCE,RELIANCE,RELIANCE,RELIANCE,RELIANCE,RELIANCE,RELIANCE,RELIANCE,RELIANCE,SBIN,RELIANCE,RELIANCE,RELIANCE,SBIN,SBIN,SBIN,SBIN,SBIN,SBIN,SBIN,SBIN,SBIN,SBIN,SBIN,SUNPHARMA,SUNPHARMA,SUNPHARMA,SUNPHARMA,SUNPHARMA,SUNPHARMA,SUNPHARMA,SUNPHARMA,SUNPHARMA,SUNPHARMA,SUNPHARMA,SUNPHARMA,SUNPHARMA,SUNPHARMA,SUNPHARMA,SUNPHARMA,SUNPHARMA,SUNPHARMA,SUNPHARMA,SUNPHARMA,SUNPHARMA,SUNPHARMA,SUNPHARMA,SBIN,SBIN,SBIN,SBIN,SHREECEM,SHREECEM,SBILIFE,SBILIFE,SBILIFE,SBILIFE,SBILIFE,SBILIFE,SHREECEM,SHREECEM,SHREECEM,SHREECEM,SHREECEM,SHREECEM,SHREECEM,SHREECEM,SHREECEM,SHREECEM,SHREECEM,SHREECEM,SHREECEM,SHREECEM,SHREECEM,SHREECEM,SHREECEM,SHREECEM,SBILIFE,SBILIFE,SBILIFE,SBILIFE,SBILIFE,SBILIFE,SBILIFE,SBILIFE,SBILIFE,SBILIFE,SBILIFE,SBILIFE,SBILIFE,SBILIFE,SBILIFE,SBILIFE,SBILIFE,SBILIFE,SBILIFE,SBILIFE,SBILIFE,SBILIFE,SBILIFE,SBILIFE,SHRIRAMFIN,SHRIRAMFIN,SHRIRAMFIN,SHRIRAMFIN,SHRIRAMFIN,SHRIRAMFIN,SHRIRAMFIN,SHRIRAMFIN,SHRIRAMFIN,SHRIRAMFIN
SIEMENS,SIEMENS,STER,STER,STER,STER,STER,STER,STER,STER,STER,STER,STER,STER,SIEMENS,SIEMENS,SIEMENS,SIEMENS,SIEMENS,SIEMENS,SIEMENS,SBIN,SBIN,SBIN,SBIN,SBIN,SBIN,SBIN,SBIN,SBIN,SBIN,SBIN,SBIN,SIEMENS,SIEMENS,SIEMENS,SIEMENS,SIEMENS,SESAGOA,SESAGOA,SAIL,SAIL,SAIL,SAIL,SAIL,SESAGOA,SAIL,SAIL,SAIL,SAIL,SESAGOA,SAIL,SAIL,SAIL,SAIL,SAIL,RELINFRA,RELINFRA,RELINFRA,RELINFRA,RELINFRA,RELINFRA,RELINFRA,RANBAXY,RANBAXY,RANBAXY,RANBAXY,RANBAXY,RANBAXY,RANBAXY,RANBAXY,RANBAXY,RANBAXY,RANBAXY,RELIANCE,RELIANCE,RELIANCE,RELIANCE,RELIANCE,RELIANCE,RELIANCE,SBIN,SBIN,SBIN,SBIN,SBIN,VEDL,ULTRACEMCO,SUNPHARMA,SUNPHARMA,SUNPHARMA,SUNPHARMA,SUNPHARMA,SUNPHARMA,SUNPHARMA,SUNPHARMA,SUNPHARMA,SUNPHARMA,SUNPHARMA,SBIN,SBIN,SBIN,SBIN,SBIN,SBIN,SBIN,SBIN,SBIN,SUNPHARMA,SBIN,SBIN,SBIN,SUNPHARMA,SUNPHARMA,SUNPHARMA,SUNPHARMA,SUNPHARMA,SUNPHARMA,SUNPHARMA,SUNPHARMA,SUNPHARMA,SUNPHARMA,SUNPHARMA,TCS,TCS,TCS,TATAMOTORS,TCS,TCS,TCS,TCS,TCS,TCS,TCS,TCS,TCS,TCS,TCS,TCS,TCS,TCS,TCS,TCS,TCS,TCS,TCS,SUNPHARMA,SUNPHARMA,SUNPHARMA,SUNPHARMA,SBIN,SBIN,SHREECEM,SHREECEM,SHREECEM,SHREECEM,SHREECEM,SHREECEM,SBIN,SBIN,SBIN,SBIN,SBIN,SBIN,SBIN,SBIN,SBIN,SBIN,SBIN,SBIN,SBIN,SBIN,SBIN,SBIN,SBIN,SBIN,SBIN,SBIN,SBIN,SBIN,SBIN,SBIN,SBIN,SBIN,SBIN,SBIN,SBIN,SBIN,SBIN,SBIN,SBIN,SBIN,SBIN,SBIN,SHRIRAMFIN,SHRIRAMFIN,SHRIRAMFIN,SHRIRAMFIN,SHRIRAMFIN,SHRIRAMFIN,SBIN,SBIN,SBIN,SBIN,SBIN,SBIN,SBIN,SBIN,SBIN,SBIN
SUNPHARMA,SUNPHARMA,SUNPHARMA,SUNPHARMA,SUNPHARMA,SUNPHARMA,SUNPHARMA,SUNPHARMA,SUNPHARMA,SUNPHARMA,SUNPHARMA,SUNPHARMA,SUNPHARMA,SUNPHARMA,STER,STER,STER,STER,STER,STER,STER,SIEMENS,SIEMENS,SIEMENS,SIEMENS,SIEMENS,SIEMENS,SAIL,SAIL,SAIL,SAIL,SAIL,SAIL,SBIN,SBIN,SBIN,SBIN,SBIN,SIEMENS,SIEMENS,SBIN,SBIN,SBIN,SBIN,SBIN,SIEMENS,SBIN,SBIN,SBIN,SBIN,SIEMENS,SBIN,SBIN,SBIN,SBIN,SBIN,SBIN,SBIN,SESAGOA,SBIN,SBIN,SBIN,SIEMENS,RELIANCE,RELIANCE,RELIANCE,RELIANCE,RELIANCE,RELIANCE,RELIANCE,RELIANCE,RELIANCE,RELIANCE,RELIANCE,SBIN,SBIN,SBIN,SBIN,SBIN,SBIN,SBIN,VEDL,VEDL,VEDL,VEDL,VEDL,SUNPHARMA,TCS,TATAMOTORS,TATAMOTORS,TATAMOTORS,TATAMOTORS,TATAMOTORS,TCS,TCS,TCS,TCS,TCS,TCS,SUNPHARMA,SUNPHARMA,SUNPHARMA,SUNPHARMA,SUNPHARMA,SUNPHARMA,SUNPHARMA,SUNPHARMA,SUNPHARMA,TCS,SUNPHARMA,SUNPHARMA,SUNPHARMA,TCS,TCS,TCS,TCS,TCS,TCS,TCS,TCS,TCS,TCS,TCS,TATAMOTORS,TATAMOTORS,TATAMOTORS,TATASTEEL,TATAMOTORS,TATAMOTORS,TATAMOTORS,TATAMOTORS,TATAMOTORS,TATAMOTORS,TATAMOTORS,TATAMOTORS,TATAMOTORS,TATAMOTORS,TATAMOTORS,TATAMOTORS,TATAMOTORS,TATAMOTORS,TATAMOTORS,TATAMOTORS,TATAMOTORS,TATAMOTORS,TATAMOTORS,TCS,TCS,TCS,TCS,SUNPHARMA,SUNPHARMA,SBIN,SBIN,SBIN,SBIN,SBIN,SBIN,SUNPHARMA,SUNPHARMA,SUNPHARMA,SUNPHARMA,SUNPHARMA,SUNPHARMA,SUNPHARMA,SUNPHARMA,SUNPHARMA,SUNPHARMA,SUNPHARMA,SUNPHARMA,SUNPHARMA,SUNPHARMA,SUNPHARMA,SUNPHARMA,SUNPHARMA,SUNPHARMA,SUNPHARMA,SUNPHARMA,SUNPHARMA,SUNPHARMA,SUNPHARMA,SUNPHARMA,SUNPHARMA,SUNPHARMA,SUNPHARMA,SUNPHARMA,SUNPHARMA,SUNPHARMA,SUNPHARMA,SUNPHARMA,SUNPHARMA,SUNPHARMA,SUNPHARMA,SUNPHARMA,SBIN,SBIN,SBIN,SBIN,SBIN,SBIN,SUNPHARMA,SUNPHARMA,SUNPHARMA,SUNPHARMA,SUNPHARMA,SUNPHARMA,SUNPHARMA,SUNPHARMA,SUNPHARMA,SUNPHARMA
SUZLON,SUZLON,SUZLON,SUZLON,SUZLON,SUZLON,SUZLON,SUZLON,SUZLON,SUZLON,SUZLON,SUZLON,SUZLON,SUZLON,SUNPHARMA,SUNPHARMA,SUNPHARMA,SUNPHARMA,SUNPHARMA,SUNPHARMA,SUNPHARMA,STER,STER,STER,STER,STER,STER,STER,STER,STER,STER,STER,STER,SAIL,SAIL,SAIL,SAIL,SAIL,SBIN,SBIN,SESAGOA,SESAGOA,SESAGOA,SESAGOA,SESAGOA,SBIN,SESAGOA,SESAGOA,SESAGOA,SESAGOA,SBIN,SESAGOA,SESAGOA,SESAGOA,SESAGOA,SESAGOA,SESAGOA,SESAGOA,SIEMENS,SESAGOA,SESAGOA,SESAGOA,SBIN,RELINFRA,RELINFRA,RELINFRA,RELINFRA,RELINFRA,SBIN,SBIN,SBIN,SBIN,SBIN,SBIN,VEDL,VEDL,VEDL,VEDL,VEDL,VEDL,VEDL,SUNPHARMA,SUNPHARMA,SUNPHARMA,SUNPHARMA,SUNPHARMA,TATAMOTORS,NTPC,TATAPOWER,TATAPOWER,TATAPOWER,TATAPOWER,TATAPOWER,TATAMOTORS,TATAMOTORS,TATAMOTORS,TATAMOTORS,TATAMOTORS,TATAMOTORS,TCS,TCS,TCS,TCS,TCS,TCS,TCS,TCS,TCS,TATAMOTORS,TCS,TCS,TCS,TATAMTRDVR,TATAMTRDVR,TATAMTRDVR,TATAMTRDVR,TATAMOTORS,TATAMOTORS,TATAMOTORS,TATAMOTORS,TATAMOTORS,TATAMOTORS,TATAMOTORS,TATASTEEL,TATASTEEL,TATASTEEL,TCS,TATASTEEL,TATASTEEL,TATASTEEL,TATASTEEL,TATASTEEL,TATASTEEL,TATASTEEL,TATASTEEL,TATASTEEL,TATASTEEL,TATASTEEL,TATASTEEL,TATASTEEL,TATASTEEL,TATASTEEL,TATASTEEL,TATASTEEL,TATASTEEL,TATASTEEL,TATAMOTORS,TATAMOTORS,TATAMOTORS,TATAMOTORS,TCS,TCS,SUNPHARMA,SUNPHARMA,SUNPHARMA,SUNPHARMA,SUNPHARMA,SUNPHARMA,TCS,TCS,TCS,TCS,TCS,TCS,TCS,TCS,TCS,TCS,TCS,TCS,TCS,TCS,TCS,TCS,TCS,TCS,TCS,TCS,TCS,TCS,TCS,TCS,TCS,TCS,TCS,TCS,TCS,TCS,TCS,TCS,TCS,TCS,TCS,TCS,SUNPHARMA,SUNPHARMA,SUNPHARMA,SUNPHARMA,SUNPHARMA,SUNPHARMA,TCS,TCS,TCS,TCS,TCS,TCS,TCS,TCS,TCS,TCS
TATAPOWER,TATAPOWER,TATACOMM,TATACOMM,TATACOMM,TATACOMM,TATACOMM,TATACOMM,TATACOMM,TATACOMM,TATACOMM,TATACOMM,TATACOMM,TATACOMM,SUZLON,SUZLON,SUZLON,SUZLON,SUZLON,SUZLON,SUZLON,SUNPHARMA,SUNPHARMA,SUNPHARMA,SUNPHARMA,SUNPHARMA,SUNPHARMA,SUNPHARMA,SUNPHARMA,SUNPHARMA,SUNPHARMA,SUNPHARMA,SUNPHARMA,STER,STER,STER,STER,STER,SAIL,SAIL,SIEMENS,SIEMENS,SIEMENS,SIEMENS,SIEMENS,SAIL,SIEMENS,SIEMENS,SIEMENS,SIEMENS,SAIL,SIEMENS,SIEMENS,SIEMENS,SIEMENS,SIEMENS,SIEMENS,SIEMENS,SBIN,SIEMENS,SIEMENS,SIEMENS,SUNPHARMA,SBIN,SESAGOA,SBIN,SBIN,SBIN,SESAGOA,VEDL,VEDL,VEDL,VEDL,VEDL,SUNPHARMA,SUNPHARMA,SUNPHARMA,SUNPHARMA,SUNPHARMA,SUNPHARMA,SUNPHARMA,TATAMOTORS,TATAMOTORS,TATAMOTORS,TATAMOTORS,TATAMOTORS,TATAPOWER,YESBANK,TATASTEEL,TATASTEEL,TATASTEEL,TATASTEEL,TATASTEEL,TATAPOWER,TATAPOWER,TATAPOWER,TATAPOWER,TATAPOWER,TATAPOWER,TATAMTRDVR,TATAMTRDVR,TATAMTRDVR,TATAMTRDVR,TATAMTRDVR,TATAMTRDVR,TATAMTRDVR,TATAMTRDVR,TATAMTRDVR,TATASTEEL,TATAMTRDVR,TATAMTRDVR,TATAMTRDVR,TATAMOTORS,TATAMOTORS,TATAMOTORS,TATAMOTORS,TATASTEEL,TATASTEEL,TATASTEEL,TATASTEEL,TATASTEEL,TATASTEEL,TATASTEEL,TECHM,TECHM,TECHM,TECHM,TECHM,TECHM,TECHM,TECHM,TECHM,TECHM,TECHM,TECHM,TECHM,TECHM,TECHM,TECHM,TECHM,TECHM,TECHM,TECHM,TECHM,TECHM,TECHM,TATASTEEL,TATASTEEL,TATASTEEL,TATASTEEL,TATAMOTORS,TATAMOTORS,TCS,TCS,TCS,TCS,TCS,TCS,TATACONSUM,TATACONSUM,TATACONSUM,TATACONSUM,TATACONSUM,TATACONSUM,TATACONSUM,TATACONSUM,TATACONSUM,TATACONSUM,TATACONSUM,TATACONSUM,TATACONSUM,TATACONSUM,TATACONSUM,TATACONSUM,TATACONSUM,TATACONSUM,TATACONSUM,TATACONSUM,TATACONSUM,TATACONSUM,TATACONSUM,TATACONSUM,TATACONSUM,TATACONSUM,TATACONSUM,TATACONSUM,TATACONSUM,TATACONSUM,TATACONSUM,TATACONSUM,TATACONSUM,TATACONSUM,TATACONSUM,TATACONSUM,TCS,TCS,TCS,TCS,TCS,TCS,TATACONSUM,TATACONSUM,TATACONSUM,TATACONSUM,TATACONSUM,TATACONSUM,TATACONSUM,TATACONSUM,TATACONSUM,TATACONSUM
RCOM,RCOM,TATAMOTORS,TATAMOTORS,TATAMOTORS,TATAMOTORS,TATAMOTORS,TATAMOTORS,TATAMOTORS,TATAMOTORS,TATAMOTORS,TATAMOTORS,TATAMOTORS,TATAMOTORS,TATACOMM,TATACOMM,TATACOMM,TATACOMM,TATACOMM,TATACOMM,TATACOMM,SUZLON,SUZLON,SUZLON,SUZLON,SUZLON,SUZLON,SUZLON,SUZLON,SUZLON,SUZLON,SUZLON,SUZLON,SUNPHARMA,SUNPHARMA,SUNPHARMA,SUNPHARMA,SUNPHARMA,STER,STER,STER,STER,STER,STER,STER,STER,STER,STER,STER,STER,STER,STER,STER,STER,STER,STER,SUNPHARMA,SUNPHARMA,SUNPHARMA,SUNPHARMA,SUNPHARMA,SUNPHARMA,TCS,SESAGOA,SBIN,SESAGOA,SESAGOA,SESAGOA,SUNPHARMA,SUNPHARMA,SUNPHARMA,SUNPHARMA,SUNPHARMA,SUNPHARMA,TATAMOTORS,TATAMOTORS,TATAMOTORS,TATAMOTORS,TATAMOTORS,TATAMOTORS,TATAMOTORS,TATAPOWER,TATAPOWER,TATAPOWER,TATAPOWER,TATAPOWER,TATASTEEL,IDFC,TCS,TCS,TCS,TCS,TCS,TATASTEEL,TATASTEEL,TATASTEEL,TATASTEEL,TATASTEEL,TATASTEEL,TATAMOTORS,TATAMOTORS,TATAMOTORS,TATAMOTORS,TATAMOTORS,TATAMOTORS,TATAMOTORS,TATAMOTORS,TATAMOTORS,TECHM,TATAMOTORS,TATAMOTORS,TATAMOTORS,TATAPOWER,TATAPOWER,TATAPOWER,TATAPOWER,TECHM,TECHM,TECHM,TECHM,TECHM,TECHM,TECHM,TITAN,TITAN,TITAN,TITAN,TITAN,TITAN,TITAN,TITAN,TITAN,TITAN,TITAN,TITAN,TITAN,TITAN,TITAN,TITAN,TITAN,TITAN,TITAN,TITAN,TITAN,TITAN,TITAN,TECHM,TECHM,TECHM,TECHM,TATASTEEL,TATASTEEL,TATAMOTORS,TATAMOTORS,TATAMOTORS,TATAMOTORS,TATAMOTORS,TATAMOTORS,TATAMOTORS,TATAMOTORS,TATAMOTORS,TATAMOTORS,TATAMOTORS,TATAMOTORS,TATAMOTORS,TATAMOTORS,TATAMOTORS,TATAMOTORS,TATAMOTORS,TATAMOTORS,TATAMOTORS,TATAMOTORS,TATAMOTORS,TATAMOTORS,TATAMOTORS,TATAMOTORS,TATAMOTORS,TATAMOTORS,TATAMOTORS,TATAMOTORS,TATAMOTORS,TATAMOTORS,TATAMOTORS,TATAMOTORS,TATAMOTORS,TATAMOTORS,TATAMOTORS,TATAMOTORS,TATAMOTORS,TATAMOTORS,TATAMOTORS,TATAMOTORS,TATAMOTORS,TATAMOTORS,TATACONSUM,TATACONSUM,TATACONSUM,TATACONSUM,TATACONSUM,TATACONSUM,TATAMOTORS,TATAMOTORS,TATAMOTORS,TATAMOTORS,TATAMOTORS,TATAMOTORS,TATAMOTORS,TATAMOTORS,TATAMOTORS,TATAMOTORS
TATAMOTORS,TATAMOTORS,TATAPOWER,TATAPOWER,TATAPOWER,TATAPOWER,TATAPOWER,TATAPOWER,TATAPOWER,TATAPOWER,TATAPOWER,TATAPOWER,TATAPOWER,TATAPOWER,TATAMOTORS,TATAMOTORS,TATAMOTORS,TATAMOTORS,TATAMOTORS,TATAMOTORS,TATAMOTORS,TATAMOTORS,TATAMOTORS,TATAMOTORS,TATAMOTORS,TATAMOTORS,TATAMOTORS,TCS,TCS,TCS,TCS,TCS,TCS,SUZLON,SUZLON,SUZLON,SUZLON,SUZLON,SUNPHARMA,SUNPHARMA,SUNPHARMA,SUNPHARMA,SUNPHARMA,SUNPHARMA,SUNPHARMA,SUNPHARMA,SUNPHARMA,SUNPHARMA,SUNPHARMA,SUNPHARMA,SUNPHARMA,SUNPHARMA,SUNPHARMA,SUNPHARMA,SUNPHARMA,SUNPHARMA,TATAMOTORS,TATAMOTORS,TCS,TATAMOTORS,TATAMOTORS,TATAMOTORS,TATAMOTORS,SUNPHARMA,SUNPHARMA,SUNPHARMA,SUNPHARMA,SUNPHARMA,TATAMOTORS,TATAMOTORS,TATAMOTORS,TATAMOTORS,TATAMOTORS,TATAMOTORS,TATAPOWER,TATAPOWER,TATAPOWER,TATAPOWER,TATAPOWER,TATAPOWER,TATAPOWER,TATASTEEL,TATASTEEL,TATASTEEL,TATASTEEL,TATASTEEL,TCS,TECHM,TECHM,TECHM,TECHM,TECHM,TECHM,TECHM,TECHM,TECHM,TECHM,TECHM,TECHM,TATAPOWER,TATAPOWER,TATAPOWER,TATAPOWER,TATAPOWER,TATAPOWER,TATAPOWER,TATAPOWER,TATAPOWER,UPL,TATAPOWER,TATAPOWER,TATAPOWER,TATASTEEL,TATASTEEL,TATASTEEL,TATASTEEL,UPL,UPL,UPL,UPL,UPL,UPL,UPL,UPL,UPL,UPL,ULTRACEMCO,UPL,UPL,UPL,UPL,UPL,UPL,UPL,UPL,UPL,UPL,UPL,UPL,UPL,UPL,UPL,UPL,UPL,UPL,UPL,TITAN,TITAN,TITAN,TITAN,TECHM,TECHM,TATASTEEL,TATASTEEL,TATASTEEL,TATASTEEL,TATASTEEL,TATASTEEL,TATASTEEL,TATASTEEL,TATASTEEL,TATASTEEL,TATASTEEL,TATASTEEL,TATASTEEL,TATASTEEL,TATASTEEL,TATASTEEL,TATASTEEL,TATASTEEL,TATASTEEL,TATASTEEL,TATASTEEL,TATASTEEL,TATASTEEL,TATASTEEL,TATASTEEL,TATASTEEL,TATASTEEL,TATASTEEL,TATASTEEL,TATASTEEL,TATASTEEL,TATASTEEL,TATASTEEL,TATASTEEL,TATASTEEL,TATASTEEL,TATASTEEL,TATASTEEL,TATASTEEL,TATASTEEL,TATASTEEL,TATASTEEL,TATAMOTORS,TATAMOTORS,TATAMOTORS,TATAMOTORS,TATAMOTORS,TATAMOTORS,TATASTEEL,TATASTEEL,TATASTEEL,TATASTEEL,TATASTEEL,TATASTEEL,TATASTEEL,TATASTEEL,TATASTEEL,TATASTEEL
TCS,TCS,TATASTEEL,TATASTEEL,TATASTEEL,TATASTEEL,TATASTEEL,TATASTEEL,TATASTEEL,TATASTEEL,TATASTEEL,TATASTEEL,TATASTEEL,TATASTEEL,TATAPOWER,TATAPOWER,TATAPOWER,TATAPOWER,TATAPOWER,TATAPOWER,TATAPOWER,TATAPOWER,TATAPOWER,TATAPOWER,TATAPOWER,TATAPOWER,TATAPOWER,TATAMOTORS,TATAMOTORS,TATAMOTORS,TATAMOTORS,TATAMOTORS,TATAMOTORS,TCS,TCS,TCS,TCS,TCS,TCS,TCS,TATAMOTORS,TATAMOTORS,TATAMOTORS,TATAMOTORS,TATAMOTORS,TCS,TATAMOTORS,TATAMOTORS,TATAMOTORS,TATAMOTORS,TCS,TATAMOTORS,TATAMOTORS,TATAMOTORS,TATAMOTORS,TATAMOTORS,TATAPOWER,TATAPOWER,TATAMOTORS,TATAPOWER,TATAPOWER,TATAPOWER,TATAPOWER,TATAMOTORS,TCS,TATAMOTORS,TATAMOTORS,TATAMOTORS,TATAPOWER,TATAPOWER,TATAPOWER,TATAPOWER,TATAPOWER,TATAPOWER,TATASTEEL,TATASTEEL,TATASTEEL,TATASTEEL,TATASTEEL,TATASTEEL,TATASTEEL,TCS,TCS,TCS,TCS,TCS,TECHM,CAIRN,ULTRACEMCO,ULTRACEMCO,ULTRACEMCO,ULTRACEMCO,ULTRACEMCO,ULTRACEMCO,ULTRACEMCO,ULTRACEMCO,ULTRACEMCO,ULTRACEMCO,ULTRACEMCO,TATASTEEL,TATASTEEL,TATASTEEL,TATASTEEL,TATASTEEL,TATASTEEL,TATASTEEL,TATASTEEL,TATASTEEL,ULTRACEMCO,TATASTEEL,TATASTEEL,TATASTEEL,TECHM,TECHM,TECHM,TECHM,ULTRACEMCO,ULTRACEMCO,ULTRACEMCO,ULTRACEMCO,ULTRACEMCO,ULTRACEMCO,ULTRACEMCO,ULTRACEMCO,ULTRACEMCO,ULTRACEMCO,UPL,ULTRACEMCO,ULTRACEMCO,ULTRACEMCO,ULTRACEMCO,ULTRACEMCO,ULTRACEMCO,ULTRACEMCO,ULTRACEMCO,ULTRACEMCO,ULTRACEMCO,ULTRACEMCO,ULTRACEMCO,ULTRACEMCO,ULTRACEMCO,ULTRACEMCO,ULTRACEMCO,ULTRACEMCO,ULTRACEMCO,ULTRACEMCO,UPL,UPL,UPL,UPL,TITAN,TITAN,TECHM,TECHM,TECHM,TECHM,TECHM,TECHM,TECHM,TECHM,TECHM,TECHM,TECHM,TECHM,TECHM,TECHM,TECHM,TECHM,TECHM,TECHM,TECHM,TECHM,TECHM,TECHM,TECHM,TECHM,TECHM,TECHM,TECHM,TECHM,TECHM,TECHM,TECHM,TECHM,TECHM,TECHM,TECHM,TECHM,TECHM,TECHM,TECHM,TECHM,TECHM,TECHM,TATASTEEL,TATASTEEL,TATASTEEL,TATASTEEL,TATASTEEL,TATASTEEL,TECHM,TECHM,TECHM,TECHM,TECHM,TECHM,TECHM,TECHM,TECHM,TECHM
TATASTEEL,TATASTEEL,TCS,TCS,TCS,TCS,TCS,TCS,TCS,TCS,TCS,TCS,TCS,TCS,TATASTEEL,TATASTEEL,TATASTEEL,TATASTEEL,TATASTEEL,TATASTEEL,TATASTEEL,TATASTEEL,TATASTEEL,TATASTEEL,TATASTEEL,TATASTEEL,TATASTEEL,TATAPOWER,TATAPOWER,TATAPOWER,TATAPOWER,TATAPOWER,TATAPOWER,TATAMOTORS,TATAMOTORS,TATAMOTORS,TATAMOTORS,TATAMOTORS,TATAMOTORS,TATAMOTORS,TATAPOWER,TATAPOWER,TATAPOWER,TATAPOWER,TATAPOWER,TATAMOTORS,TATAPOWER,TATAPOWER,TATAPOWER,TATAPOWER,TATAMOTORS,TATAPOWER,TATAPOWER,TATAPOWER,TATAPOWER,TATAPOWER,TATASTEEL,TATASTEEL,TATAPOWER,TATASTEEL,TATASTEEL,TATASTEEL,TATASTEEL,TATAPOWER,TATAMOTORS,TATAPOWER,TATAPOWER,TATAPOWER,TATASTEEL,TATASTEEL,TATASTEEL,TATASTEEL,TATASTEEL,TATASTEEL,TCS,TCS,TCS,TCS,TCS,TCS,TCS,TECHM,TECHM,TECHM,TECHM,TECHM,ULTRACEMCO,IDEA,VEDL,VEDL,VEDL,VEDL,VEDL,VEDL,VEDL,VEDL,VEDL,VEDL,VEDL,TECHM,TECHM,TECHM,TECHM,TECHM,TECHM,TECHM,TECHM,TECHM,VEDL,TECHM,TECHM,TECHM,ULTRACEMCO,ULTRACEMCO,ULTRACEMCO,ULTRACEMCO,VEDL,VEDL,VEDL,VEDL,VEDL,VEDL,VEDL,VEDL,VEDL,VEDL,VEDL,VEDL,VEDL,VEDL,VEDL,VEDL,VEDL,VEDL,VEDL,VEDL,VEDL,VEDL,VEDL,VEDL,VEDL,VEDL,VEDL,VEDL,VEDL,VEDL,ULTRACEMCO,ULTRACEMCO,ULTRACEMCO,ULTRACEMCO,UPL,UPL,TITAN,TITAN,TITAN,TITAN,TITAN,TITAN,TITAN,TITAN,TITAN,TITAN,TITAN,TITAN,TITAN,TITAN,TITAN,TITAN,TITAN,TITAN,TITAN,TITAN,TITAN,TITAN,TITAN,TITAN,TITAN,TITAN,TITAN,TITAN,TITAN,TITAN,TITAN,TITAN,TITAN,TITAN,TITAN,TITAN,TITAN,TITAN,TITAN,TITAN,TITAN,TITAN,TECHM,TECHM,TECHM,TECHM,TECHM,TECHM,TITAN,TITAN,TITAN,TITAN,TITAN,TITAN,TITAN,TITAN,TITAN,TITAN
VSNL,TATACOMM,UNITECH,UNITECH,UNITECH,UNITECH,UNITECH,UNITECH,UNITECH,UNITECH,UNITECH,UNITECH,UNITECH,UNITECH,TCS,TCS,TCS,TCS,TCS,TCS,TCS,TCS,TCS,TCS,TCS,TCS,TCS,TATASTEEL,TATASTEEL,TATASTEEL,TATASTEEL,TATASTEEL,TATASTEEL,TATAPOWER,TATAPOWER,TATAPOWER,TATAPOWER,TATAPOWER,TATAPOWER,TATAPOWER,TATASTEEL,TATASTEEL,TATASTEEL,TATASTEEL,TATASTEEL,TATAPOWER,TATASTEEL,TATASTEEL,TATASTEEL,TATASTEEL,TATAPOWER,TATASTEEL,TATASTEEL,TATASTEEL,TATASTEEL,TATASTEEL,TCS,TCS,TATASTEEL,TCS,TCS,TCS,ULTRACEMCO,TATASTEEL,TATAPOWER,TATASTEEL,TATASTEEL,TATASTEEL,TCS,TCS,TCS,TCS,TCS,TCS,TECHM,TECHM,TECHM,TECHM,TECHM,TECHM,TECHM,ULTRACEMCO,ULTRACEMCO,ULTRACEMCO,ULTRACEMCO,ULTRACEMCO,WIPRO,POWERGRID,WIPRO,WIPRO,WIPRO,WIPRO,WIPRO,WIPRO,WIPRO,WIPRO,WIPRO,WIPRO,WIPRO,ULTRACEMCO,ULTRACEMCO,ULTRACEMCO,ULTRACEMCO,ULTRACEMCO,ULTRACEMCO,ULTRACEMCO,ULTRACEMCO,ULTRACEMCO,WIPRO,ULTRACEMCO,ULTRACEMCO,ULTRACEMCO,VEDL,VEDL,VEDL,VEDL,WIPRO,WIPRO,WIPRO,WIPRO,WIPRO,WIPRO,WIPRO,WIPRO,WIPRO,WIPRO,WIPRO,WIPRO,WIPRO,WIPRO,WIPRO,WIPRO,WIPRO,WIPRO,WIPRO,WIPRO,WIPRO,WIPRO,WIPRO,WIPRO,WIPRO,WIPRO,WIPRO,WIPRO,WIPRO,WIPRO,VEDL,VEDL,VEDL,VEDL,ULTRACEMCO,ULTRACEMCO,UPL,UPL,UPL,UPL,UPL,UPL,UPL,UPL,UPL,UPL,UPL,UPL,UPL,UPL,UPL,UPL,UPL,UPL,UPL,UPL,UPL,UPL,UPL,UPL,UPL,UPL,UPL,UPL,UPL,UPL,UPL,UPL,UPL,UPL,UPL,UPL,UPL,UPL,UPL,UPL,UPL,UPL,TITAN,TITAN,TITAN,TITAN,TITAN,TITAN,TRENT,TRENT,TRENT,TRENT,TRENT,TRENT,TRENT,TRENT,TRENT,TRENT
WIPRO,WIPRO,WIPRO,WIPRO,WIPRO,WIPRO,WIPRO,WIPRO,WIPRO,WIPRO,WIPRO,WIPRO,WIPRO,WIPRO,UNITECH,UNITECH,UNITECH,UNITECH,UNITECH,UNITECH,UNITECH,UNITECH,UNITECH,UNITECH,UNITECH,UNITECH,UNITECH,UNITECH,UNITECH,UNITECH,UNITECH,UNITECH,UNITECH,TATASTEEL,TATASTEEL,TATASTEEL,TATASTEEL,TATASTEEL,TATASTEEL,TATASTEEL,TCS,TCS,TCS,TCS,TCS,TATASTEEL,TCS,TCS,TCS,TCS,TATASTEEL,TCS,TCS,TCS,TCS,TCS,ULTRACEMCO,ULTRACEMCO,ULTRACEMCO,ULTRACEMCO,ULTRACEMCO,ULTRACEMCO,VEDL,TCS,TATASTEEL,TCS,TCS,TCS,ULTRACEMCO,ULTRACEMCO,ULTRACEMCO,ULTRACEMCO,ULTRACEMCO,ULTRACEMCO,ULTRACEMCO,ULTRACEMCO,ULTRACEMCO,ULTRACEMCO,ULTRACEMCO,ULTRACEMCO,ULTRACEMCO,WIPRO,WIPRO,WIPRO,WIPRO,WIPRO,YESBANK,NMDC,YESBANK,YESBANK,YESBANK,YESBANK,YESBANK,YESBANK,YESBANK,YESBANK,YESBANK,YESBANK,YESBANK,WIPRO,WIPRO,WIPRO,WIPRO,WIPRO,WIPRO,WIPRO,WIPRO,WIPRO,YESBANK,WIPRO,WIPRO,WIPRO,WIPRO,WIPRO,WIPRO,WIPRO,YESBANK,YESBANK,YESBANK,YESBANK,YESBANK,YESBANK,YESBANK,YESBANK,YESBANK,YESBANK,YESBANK,YESBANK,YESBANK,YESBANK,YESBANK,YESBANK,YESBANK,YESBANK,YESBANK,YESBANK,YESBANK,YESBANK,YESBANK,YESBANK,YESBANK,YESBANK,YESBANK,YESBANK,YESBANK,YESBANK,WIPRO,WIPRO,WIPRO,WIPRO,WIPRO,WIPRO,ULTRACEMCO,ULTRACEMCO,ULTRACEMCO,ULTRACEMCO,ULTRACEMCO,ULTRACEMCO,ULTRACEMCO,ULTRACEMCO,ULTRACEMCO,ULTRACEMCO,ULTRACEMCO,ULTRACEMCO,ULTRACEMCO,ULTRACEMCO,ULTRACEMCO,ULTRACEMCO,ULTRACEMCO,ULTRACEMCO,ULTRACEMCO,ULTRACEMCO,ULTRACEMCO,ULTRACEMCO,ULTRACEMCO,ULTRACEMCO,ULTRACEMCO,ULTRACEMCO,ULTRACEMCO,ULTRACEMCO,ULTRACEMCO,ULTRACEMCO,ULTRACEMCO,ULTRACEMCO,ULTRACEMCO,ULTRACEMCO,ULTRACEMCO,ULTRACEMCO,ULTRACEMCO,ULTRACEMCO,ULTRACEMCO,ULTRACEMCO,ULTRACEMCO,ULTRACEMCO,ULTRACEMCO,ULTRACEMCO,ULTRACEMCO,ULTRACEMCO,ULTRACEMCO,ULTRACEMCO,ULTRACEMCO,ULTRACEMCO,ULTRACEMCO,ULTRACEMCO,ULTRACEMCO,ULTRACEMCO,ULTRACEMCO,ULTRACEMCO,ULTRACEMCO,ULTRACEMCO
ZEEL,ZEEL,ZEEL,ZEEL,ZEEL,ZEEL,ZEEL,ZEEL,ZEEL,ZEEL,ZEEL,ZEEL,ZEEL,ZEEL,WIPRO,WIPRO,WIPRO,WIPRO,WIPRO,WIPRO,WIPRO,WIPRO,WIPRO,WIPRO,WIPRO,WIPRO,WIPRO,WIPRO,WIPRO,WIPRO,WIPRO,WIPRO,WIPRO,WIPRO,WIPRO,WIPRO,WIPRO,WIPRO,WIPRO,WIPRO,WIPRO,WIPRO,WIPRO,WIPRO,WIPRO,WIPRO,WIPRO,WIPRO,WIPRO,WIPRO,WIPRO,WIPRO,WIPRO,WIPRO,WIPRO,WIPRO,WIPRO,WIPRO,WIPRO,WIPRO,WIPRO,WIPRO,WIPRO,ULTRACEMCO,ULTRACEMCO,ULTRACEMCO,ULTRACEMCO,ULTRACEMCO,WIPRO,WIPRO,WIPRO,WIPRO,WIPRO,WIPRO,WIPRO,WIPRO,WIPRO,WIPRO,WIPRO,WIPRO,WIPRO,ZEEL,ZEEL,ZEEL,ZEEL,ZEEL,ZEEL,COALINDIA,ZEEL,ZEEL,ZEEL,ZEEL,ZEEL,ZEEL,ZEEL,ZEEL,ZEEL,ZEEL,ZEEL,YESBANK,YESBANK,YESBANK,YESBANK,YESBANK,YESBANK,YESBANK,YESBANK,YESBANK,ZEEL,YESBANK,YESBANK,YESBANK,YESBANK,YESBANK,YESBANK,YESBANK,ZEEL,ZEEL,ZEEL,ZEEL,ZEEL,ZEEL,ZEEL,ZEEL,ZEEL,ZEEL,ZEEL,ZEEL,ZEEL,ZEEL,ZEEL,ZEEL,ZEEL,ZEEL,ZEEL,ZEEL,ZEEL,ZEEL,ZEEL,ZEEL,ZEEL,ZEEL,ZEEL,ZEEL,ZEEL,ZEEL,ZEEL,ZEEL,ZEEL,ZEEL,ZEEL,ZEEL,WIPRO,WIPRO,WIPRO,WIPRO,WIPRO,WIPRO,WIPRO,WIPRO,WIPRO,WIPRO,WIPRO,WIPRO,WIPRO,WIPRO,WIPRO,WIPRO,WIPRO,WIPRO,WIPRO,WIPRO,WIPRO,WIPRO,WIPRO,WIPRO,WIPRO,WIPRO,WIPRO,WIPRO,WIPRO,WIPRO,WIPRO,WIPRO,WIPRO,WIPRO,WIPRO,WIPRO,WIPRO,WIPRO,WIPRO,WIPRO,WIPRO,WIPRO,WIPRO,WIPRO,WIPRO,WIPRO,WIPRO,WIPRO,WIPRO,WIPRO,WIPRO,WIPRO,WIPRO,WIPRO,WIPRO,WIPRO,WIPRO,WIPRO
